MajorText,Borough,AvgCrime2019,,,201901,201902,201903,201904,201905,201906,201907,201908,201909,201910,201911,201912
Arson and Criminal Damage,Barking and Dagenham,1502,,,5,2,5,5,11,3,5,3,6,9,8,6
Burglary,Barking and Dagenham,1547,,,97,127,138,130,140,113,134,118,109,109,97,122
Drug Offences,Barking and Dagenham,1156,,,45,24,29,27,21,27,31,35,37,30,30,26
Miscellaneous Crimes Against Society,Barking and Dagenham,308,,,114,107,99,96,114,96,71,67,80,97,114,130
Possession of Weapons,Barking and Dagenham,161,,,6,2,6,5,9,6,11,7,7,9,12,3
Public Order Offences,Barking and Dagenham,1012,,,79,74,118,104,86,100,92,74,83,89,95,79
Robbery,Barking and Dagenham,1080,,,0,0,0,0,0,0,0,0,1,0,0,0
Sexual Offences,Barking and Dagenham,664,,,0,0,0,0,0,0,0,1,0,0,0,1
Theft,Barking and Dagenham,3671,,,1,0,1,1,1,0,1,2,0,2,1,2
Vehicle Offences,Barking and Dagenham,2764,,,0,0,1,0,0,0,0,0,0,0,0,0
Violence Against the Person,Barking and Dagenham,6165,,,0,0,0,0,0,0,0,0,0,0,0,0
Arson and Criminal Damage,Barnet,2801,,,2,0,0,0,0,1,2,0,0,1,0,0
Burglary,Barnet,3726,,,0,1,2,1,2,3,0,0,0,2,0,0
Drug Offences,Barnet,865,,,2,1,1,3,3,3,3,4,0,0,3,0
Miscellaneous Crimes Against Society,Barnet,15,,,0,2,2,0,1,1,1,2,0,0,1,0
Possession of Weapons,Barnet,172,,,6,12,6,11,13,10,4,5,8,10,15,7
Public Order Offences,Barnet,1806,,,0,0,2,0,4,1,0,2,2,0,3,1
Robbery,Barnet,1295,,,1,2,1,0,2,1,1,0,1,2,1,0
Sexual Offences,Barnet,556,,,0,0,0,0,0,1,0,0,0,0,0,0
Theft,Barnet,6766,,,0,5,1,2,1,1,2,4,3,1,2,2
Vehicle Offences,Barnet,6635,,,1,2,0,1,2,2,0,0,0,0,0,0
Violence Against the Person,Barnet,7370,,,0,0,1,0,1,0,1,0,1,2,1,1
Arson and Criminal Damage,Bexley,1630,,,4,3,5,3,10,6,3,14,7,5,1,5
Burglary,Bexley,1761,,,0,0,0,1,0,0,0,0,0,0,0,0
Drug Offences,Bexley,738,,,0,0,0,0,0,0,0,0,1,0,0,0
Miscellaneous Crimes Against Society,Bexley,247,,,5,5,8,4,7,5,5,4,4,6,5,3
Possession of Weapons,Bexley,128,,,2,2,2,0,4,1,0,1,2,0,0,0
Public Order Offences,Bexley,1158,,,1,0,6,2,3,1,0,0,2,3,2,0
Robbery,Bexley,383,,,3,5,8,6,11,1,4,3,9,6,5,4
Sexual Offences,Bexley,384,,,7,8,12,20,18,8,16,11,12,13,14,17
Theft,Bexley,2890,,,33,56,67,59,71,85,69,66,63,94,50,48
Vehicle Offences,Bexley,3437,,,16,18,20,24,22,16,18,19,23,28,15,30
Violence Against the Person,Bexley,5307,,,0,0,0,0,1,1,0,0,0,0,0,0
Arson and Criminal Damage,Brent,2124,,,5,8,2,2,7,6,2,8,5,7,8,9
Burglary,Brent,2686,,,79,66,84,93,125,102,101,73,79,96,62,51
Drug Offences,Brent,1783,,,27,21,27,23,32,40,36,18,32,37,30,30
Miscellaneous Crimes Against Society,Brent,352,,,23,32,28,27,19,26,22,23,28,34,23,26
Possession of Weapons,Brent,283,,,21,15,14,12,25,12,20,15,18,15,11,8
Public Order Offences,Brent,1888,,,162,176,187,177,170,161,184,150,159,169,194,171
Robbery,Brent,1417,,,55,63,58,69,56,71,79,71,82,83,57,55
Sexual Offences,Brent,662,,,47,49,51,55,71,34,57,46,45,58,53,60
Theft,Brent,5788,,,9,4,3,4,1,2,5,3,2,2,1,3
Vehicle Offences,Brent,4717,,,27,25,27,22,25,24,20,20,18,25,21,32
Violence Against the Person,Brent,8755,,,105,88,90,108,94,121,109,86,108,114,126,107
Arson and Criminal Damage,Bromley,2017,,,101,119,94,113,111,99,89,84,81,111,90,91
Burglary,Bromley,2749,,,0,0,0,0,0,0,0,0,0,0,0,1
Drug Offences,Bromley,1150,,,174,145,193,174,213,158,218,186,178,197,169,175
Miscellaneous Crimes Against Society,Bromley,297,,,317,307,313,297,316,338,407,323,352,327,338,349
Possession of Weapons,Bromley,148,,,1,3,3,6,3,3,3,2,8,6,8,0
Public Order Offences,Bromley,1620,,,171,169,215,166,165,198,186,162,163,149,173,169
Robbery,Bromley,507,,,58,63,60,49,47,59,57,59,51,57,48,61
Sexual Offences,Bromley,563,,,257,272,273,240,248,237,223,177,230,240,274,283
Theft,Bromley,5347,,,10,10,6,8,8,8,8,11,6,11,12,5
Vehicle Offences,Bromley,4276,,,62,65,91,47,51,70,68,90,57,52,63,45
Violence Against the Person,Bromley,6526,,,0,0,0,1,0,0,0,0,0,0,0,0
Arson and Criminal Damage,Camden,1659,,,0,2,2,0,3,0,2,1,0,1,1,0
Burglary,Camden,3377,,,0,0,1,0,0,0,0,1,0,0,0,0
,,,,,0,0,0,0,0,0,0,0,0,0,0,0
Drug Offences,Camden,1855,,,0,0,0,0,0,0,1,0,0,0,1,0
,,,,,0,1,0,0,0,0,1,1,1,0,0,0
Miscellaneous Crimes Against Society,Camden,286,,,0,1,2,0,3,2,3,1,2,1,4,0
Possession of Weapons,Camden,236,,,5,3,4,0,2,5,0,2,3,1,2,1
,,,,,1,0,5,1,1,4,0,2,3,4,5,0
,,,,,9,8,9,16,11,10,0,8,10,3,4,7
,,,,,3,3,2,1,3,3,2,2,4,1,1,3
,,,,,4,0,3,1,0,2,3,6,3,3,3,1
Public Order Offences,Camden,2027,,,0,0,0,0,0,0,0,0,0,0,0,0
,,,,,1,0,0,3,2,2,2,1,0,1,2,1
,,,,,1,0,1,3,3,0,1,0,1,3,1,1
,,,,,0,1,0,2,1,0,0,0,1,1,0,0
Robbery,Camden,1924,,,7,5,5,6,5,9,8,9,7,11,8,4
,,,,,1,0,0,0,0,0,0,2,0,0,0,0
Sexual Offences,Camden,695,,,6,10,10,7,9,5,5,4,4,5,2,7
,,,,,1,2,1,3,1,1,1,0,1,2,0,1
Theft,Camden,17239,,,2,4,1,3,1,2,2,0,0,4,2,0
,,,,,6,4,4,2,5,6,6,5,8,4,5,5
,,,,,11,13,22,16,12,15,16,10,12,21,13,10
,,,,,95,69,98,87,105,92,132,86,81,119,109,104
Vehicle Offences,Camden,3856,,,24,37,59,31,32,41,59,41,29,25,44,34
,,,,,0,0,0,0,0,0,1,0,1,0,0,0
,,,,,4,11,6,3,5,4,10,8,13,7,12,12
,,,,,72,110,81,91,88,82,107,84,93,118,153,121
Violence Against the Person,Camden,6648,,,34,32,26,23,38,27,27,34,26,26,33,28
,,,,,14,12,18,11,15,15,13,19,15,32,26,12
,,,,,12,12,13,16,32,25,28,24,23,15,11,16
Arson and Criminal Damage,Croydon,2459,,,308,364,347,381,331,337,283,293,271,305,288,324
,,,,,143,135,153,132,167,148,191,183,155,128,134,137
Burglary,Croydon,2826,,,56,83,99,78,71,80,99,56,47,72,95,65
,,,,,5,2,4,2,6,3,3,11,4,4,5,4
Drug Offences,Croydon,2457,,,60,72,74,83,82,105,72,55,72,61,90,81
,,,,,293,266,341,324,313,354,332,296,455,414,394,359
Miscellaneous Crimes Against Society,Croydon,470,,,122,125,148,132,128,138,149,106,116,135,121,114
Possession of Weapons,Croydon,355,,,0,0,1,1,0,1,0,0,0,0,0,2
,,,,,170,171,225,187,184,220,206,183,193,166,214,167
,,,,,384,405,431,388,382,423,520,388,444,423,470,421
,,,,,8,5,5,8,4,8,4,6,4,8,4,4
,,,,,143,112,107,143,142,125,139,124,107,151,140,129
Public Order Offences,Croydon,2135,,,27,34,36,49,50,49,42,34,24,44,20,11
,,,,,146,96,140,118,115,81,64,68,79,157,147,130
,,,,,5,3,4,1,2,1,5,1,3,2,1,5
,,,,,59,66,59,51,67,68,66,62,48,61,61,37
Robbery,Croydon,1167,,,3,0,0,0,1,1,1,0,1,1,2,1
,,,,,0,1,0,0,0,0,0,0,0,0,1,0
Sexual Offences,Croydon,1039,,,1,0,0,0,0,0,0,0,0,0,0,0
,,,,,1,0,0,1,0,0,0,1,0,0,0,0
Theft,Croydon,6010,,,0,0,0,0,0,1,0,0,0,0,0,0
,,,,,0,0,1,1,0,0,0,0,0,0,0,2
,,,,,0,1,1,1,2,1,1,1,2,0,0,0
,,,,,2,2,1,3,1,1,1,0,0,0,1,1
Vehicle Offences,Croydon,5117,,,7,6,8,6,4,5,6,1,3,4,4,2
,,,,,1,1,2,2,0,0,0,3,0,1,2,2
,,,,,0,4,1,0,4,1,1,0,1,4,1,1
,,,,,1,1,1,0,2,0,0,0,1,3,2,1
Violence Against the Person,Croydon,9826,,,1,1,0,0,0,0,0,0,0,0,0,0
,,,,,1,0,0,0,1,2,1,0,1,0,1,0
,,,,,5,7,6,4,3,11,10,9,6,13,9,10
Arson and Criminal Damage,Ealing,2218,,,0,0,0,0,0,0,0,0,0,0,0,0
,,,,,0,0,0,0,0,0,0,0,0,0,0,0
Burglary,Ealing,2915,,,6,5,3,5,2,8,7,2,4,4,6,2
,,,,,1,0,0,1,0,0,0,4,1,0,3,0
Drug Offences,Ealing,1706,,,1,2,0,0,4,0,0,0,1,0,2,1
,,,,,6,4,8,5,5,4,4,3,4,4,1,5
Miscellaneous Crimes Against Society,Ealing,367,,,14,9,14,11,12,17,12,17,26,19,16,21
,,,,,58,50,51,56,85,72,70,74,68,79,67,67
,,,,,12,6,13,11,16,9,16,18,15,25,18,12
,,,,,0,0,0,0,0,0,1,1,0,0,0,0
,,,,,5,11,3,6,2,2,7,4,2,3,1,7
,,,,,28,18,32,14,36,26,37,20,21,32,31,35
,,,,,23,18,18,17,16,19,26,12,20,24,22,20
,,,,,12,7,11,16,11,6,19,14,23,15,3,12
,,,,,5,8,6,8,8,12,12,10,11,12,10,3
,,,,,179,132,119,137,140,118,152,160,128,131,130,116
,,,,,87,74,87,82,91,72,68,85,52,88,84,55
,,,,,21,17,18,13,15,19,24,18,18,17,22,16
,,,,,1,3,4,2,1,2,4,4,4,2,2,1
,,,,,33,28,30,44,27,45,22,53,60,48,39,35
,,,,,155,145,132,161,187,149,178,184,216,190,174,149
,,,,,65,72,70,79,88,91,91,77,87,76,73,54
,,,,,0,0,0,0,0,0,0,0,0,1,0,1
,,,,,137,142,153,173,173,177,162,151,166,157,174,157
,,,,,283,257,292,259,289,270,282,309,286,297,262,297
Possession of Weapons,Ealing,263,,,6,3,5,6,5,5,2,8,5,6,3,7
,,,,,168,151,202,176,182,168,178,200,156,162,159,161
,,,,,39,42,62,29,42,45,26,60,44,38,44,44
,,,,,189,169,199,183,176,193,143,154,161,186,202,216
,,,,,8,4,9,4,6,8,7,14,5,13,8,7
Public Order Offences,Ealing,2047,,,130,95,151,119,127,148,231,176,167,130,122,94
,,,,,0,0,0,1,1,1,0,1,1,0,0,0
,,,,,0,0,1,0,0,0,0,0,0,0,1,0
,,,,,0,0,1,1,0,0,1,0,0,0,1,1
Robbery,Ealing,1305,,,1,0,0,1,1,1,2,1,2,1,0,2
,,,,,1,1,0,0,0,0,1,0,0,0,0,0
Sexual Offences,Ealing,715,,,0,0,0,0,0,0,0,0,0,0,0,0
,,,,,1,0,0,0,0,0,0,0,0,0,0,1
Theft,Ealing,6148,,,0,2,2,0,0,0,0,1,0,0,0,1
,,,,,0,1,0,2,1,1,0,2,1,2,6,0
,,,,,2,1,0,3,0,1,4,2,0,0,0,1
,,,,,0,1,0,3,1,0,1,0,1,2,1,2
Vehicle Offences,Ealing,5542,,,4,10,10,8,6,11,4,4,7,7,13,4
,,,,,1,2,7,0,0,2,1,2,0,0,1,2
,,,,,2,2,1,3,3,1,4,8,1,2,3,3
,,,,,1,0,0,0,0,0,0,0,0,0,0,0
Violence Against the Person,Ealing,8605,,,3,1,1,1,2,1,3,0,1,1,1,3
,,,,,4,3,2,6,5,0,0,1,1,2,1,0
,,,,,5,1,1,1,1,1,2,3,2,0,1,0
,,,,,5,9,4,5,4,8,8,12,5,2,6,6
,,,,,0,0,0,0,0,0,0,0,1,0,0,0
,,,,,9,14,10,10,6,14,12,11,10,10,10,10
,,,,,0,0,3,1,3,2,2,1,1,0,1,2
,,,,,2,2,0,3,2,1,3,1,3,3,1,2
,,,,,7,10,8,13,7,11,11,11,14,13,6,6
,,,,,18,9,14,14,18,21,22,19,16,28,18,10
,,,,,83,80,124,89,115,109,143,126,115,114,112,100
,,,,,23,25,40,30,30,35,37,35,23,29,36,25
,,,,,0,0,0,0,0,1,0,0,1,0,1,0
,,,,,6,5,6,8,4,5,8,8,11,6,12,12
,,,,,135,94,116,133,106,97,95,91,108,114,129,108
,,,,,33,40,44,32,40,28,36,31,28,29,39,39
,,,,,12,24,17,25,22,22,29,19,13,15,26,19
,,,,,22,18,20,24,18,32,41,34,24,19,23,11
,,,,,275,288,280,291,292,278,312,267,303,289,257,244
,,,,,93,98,110,111,118,96,90,93,109,78,102,112
,,,,,76,86,78,66,75,99,61,64,75,92,80,64
,,,,,5,4,4,1,6,2,2,3,1,7,2,4
,,,,,61,51,45,52,41,43,43,35,46,51,53,45
,,,,,260,214,238,237,208,207,226,190,273,300,228,228
,,,,,119,104,105,85,140,119,95,82,124,115,110,103
,,,,,0,0,0,2,0,0,2,0,0,1,1,1
,,,,,234,255,246,241,293,283,246,257,256,254,237,237
,,,,,449,453,505,427,466,480,546,447,453,543,451,489
,,,,,4,6,10,9,6,4,6,10,17,2,8,9
,,,,,158,138,173,148,146,161,152,179,159,199,178,135
,,,,,68,42,52,38,60,67,50,47,39,48,42,49
,,,,,214,183,225,145,169,146,139,140,167,197,223,199
,,,,,2,3,2,1,1,3,3,5,2,6,1,9
Arson and Criminal Damage,Enfield,2104,,,107,94,91,98,64,98,93,113,76,84,90,104
,,,,,0,0,0,0,0,0,0,0,0,0,1,0
Burglary,Enfield,3232,,,1,0,0,0,1,0,1,1,0,0,1,0
,,,,,0,0,1,0,0,0,0,0,0,0,0,0
Drug Offences,Enfield,1096,,,0,0,1,1,0,1,0,0,0,0,0,0
,,,,,0,0,0,0,0,0,0,1,0,0,0,0
Miscellaneous Crimes Against Society,Enfield,402,,,0,2,0,0,0,1,0,1,2,1,2,1
Possession of Weapons,Enfield,276,,,1,0,0,1,2,2,0,1,3,0,1,0
,,,,,2,2,2,1,1,2,0,1,0,0,1,0
,,,,,2,7,10,9,9,4,3,6,7,8,6,4
,,,,,3,0,1,0,2,1,3,0,3,1,2,1
,,,,,3,1,1,0,3,2,2,4,2,0,1,2
Public Order Offences,Enfield,1577,,,1,3,1,4,1,1,3,0,2,1,0,1
,,,,,0,0,0,0,1,0,0,0,0,1,1,0
,,,,,0,1,1,0,0,0,1,0,0,1,1,0
,,,,,4,7,5,7,13,12,10,8,19,13,7,9
Robbery,Enfield,1720,,,0,0,0,0,0,0,0,0,2,1,2,1
,,,,,9,7,6,4,3,11,5,3,2,4,8,3
Sexual Offences,Enfield,632,,,0,0,1,2,0,1,0,0,0,1,1,0
,,,,,0,1,3,0,0,1,1,3,1,2,0,2
Theft,Enfield,5369,,,5,7,8,4,3,5,8,6,0,1,5,5
,,,,,19,7,13,13,11,14,15,13,18,8,9,10
,,,,,86,87,116,105,85,109,137,86,106,109,99,98
,,,,,16,16,17,20,22,16,26,20,29,21,24,20
Vehicle Offences,Enfield,6169,,,0,0,0,0,0,0,0,0,0,0,0,0
,,,,,4,6,8,2,15,10,5,9,9,4,10,7
,,,,,33,31,21,36,39,29,31,26,27,37,64,44
,,,,,25,31,29,31,39,55,35,23,31,20,25,39
Violence Against the Person,Enfield,7999,,,24,13,13,20,15,13,11,5,20,20,11,15
,,,,,15,9,17,19,19,11,16,14,11,14,13,10
,,,,,228,230,200,231,237,180,233,256,186,193,218,191
Arson and Criminal Damage,Greenwich,2215,,,134,193,171,155,224,203,214,173,158,169,182,171
,,,,,34,52,20,43,35,33,34,28,38,39,47,46
Burglary,Greenwich,2531,,,0,2,2,0,5,3,6,3,0,4,2,4
,,,,,51,34,54,51,55,48,52,49,64,70,64,41
Drug Offences,Greenwich,1307,,,167,195,224,205,199,170,208,215,259,309,248,222
,,,,,101,68,65,79,88,88,78,95,85,90,80,74
Miscellaneous Crimes Against Society,Greenwich,423,,,0,0,0,0,0,0,1,0,0,0,0,0
,,,,,163,165,186,151,208,167,203,193,192,171,234,175
,,,,,316,313,359,335,334,343,415,367,384,379,382,390
,,,,,4,2,1,6,3,1,2,2,3,2,3,1
,,,,,140,128,159,107,153,123,142,146,125,131,126,149
,,,,,135,118,110,110,144,147,138,148,139,138,104,90
,,,,,179,163,154,142,169,153,147,151,151,154,146,147
,,,,,7,6,12,7,5,2,8,11,5,5,11,8
,,,,,106,121,145,157,159,126,114,132,181,155,192,180
,,,,,0,1,0,0,1,0,0,0,0,0,0,0
,,,,,0,0,1,0,0,0,0,0,0,0,0,0
,,,,,0,1,0,0,0,0,0,0,0,0,0,0
,,,,,0,1,2,0,0,1,0,1,0,0,0,2
,,,,,0,0,0,0,0,0,0,0,0,0,0,0
,,,,,0,1,0,0,0,0,0,0,0,0,0,1
,,,,,0,1,0,1,0,0,0,0,1,0,0,0
,,,,,0,1,0,1,0,0,0,0,0,0,0,0
,,,,,1,0,6,1,1,1,2,0,4,3,3,2
,,,,,2,0,7,3,1,0,1,1,2,1,4,0
Possession of Weapons,Greenwich,251,,,1,5,2,2,1,2,2,1,2,3,4,1
,,,,,2,3,4,4,2,3,9,1,4,5,5,5
,,,,,2,5,11,8,9,2,4,3,5,3,3,0
,,,,,0,0,1,0,0,0,4,0,0,1,0,0
,,,,,0,0,0,1,0,0,0,0,0,0,0,0
Public Order Offences,Greenwich,1832,,,5,1,0,4,6,0,1,2,2,1,0,3
,,,,,0,0,0,0,1,1,1,1,2,2,1,2
,,,,,1,0,0,0,1,0,2,1,1,2,2,2
,,,,,0,0,0,1,0,0,0,0,0,0,0,0
Robbery,Greenwich,874,,,4,0,3,3,3,3,2,0,4,7,6,3
,,,,,0,0,0,0,0,0,0,0,0,0,0,0
Sexual Offences,Greenwich,806,,,7,8,6,6,9,10,6,17,13,12,6,10
,,,,,1,1,1,0,1,0,0,2,0,0,2,0
Theft,Greenwich,5728,,,5,2,1,4,0,1,2,1,1,6,2,2
,,,,,10,4,11,5,7,9,8,3,7,8,11,8
,,,,,6,11,25,23,22,13,24,14,20,16,15,12
,,,,,78,82,111,84,122,135,126,121,112,121,128,120
Vehicle Offences,Greenwich,4698,,,29,42,48,59,52,32,51,46,21,46,29,24
,,,,,0,0,0,0,0,6,0,1,0,0,0,0
,,,,,9,15,10,9,15,9,13,11,14,19,7,19
,,,,,108,140,140,149,140,135,162,130,136,203,171,160
Violence Against the Person,Greenwich,8220,,,33,33,30,35,29,37,42,28,24,33,46,35
,,,,,37,15,22,27,31,17,30,21,24,24,17,25
,,,,,105,111,117,128,119,97,142,117,166,141,94,49
Arson and Criminal Damage,Hackney,1799,,,767,791,785,792,831,732,781,652,743,889,834,745
,,,,,134,140,157,135,138,138,130,134,113,128,139,119
Burglary,Hackney,3354,,,307,383,484,403,317,350,412,387,387,554,501,421
,,,,,1,2,4,1,1,3,4,3,2,1,2,0
Drug Offences,Hackney,1706,,,54,35,38,29,26,48,33,26,25,38,44,39
,,,,,253,252,242,221,171,215,235,246,294,235,217,228
Miscellaneous Crimes Against Society,Hackney,297,,,57,47,54,37,40,53,45,41,59,56,62,37
,,,,,0,2,0,1,0,0,1,1,3,0,0,0
,,,,,161,221,188,168,200,180,227,200,187,211,184,179
,,,,,309,278,367,359,363,378,404,405,369,388,342,372
,,,,,5,10,16,6,7,4,16,6,10,4,7,10
,,,,,173,197,197,179,201,185,214,226,190,208,195,193
,,,,,49,69,53,33,48,41,38,55,46,51,46,45
,,,,,208,169,214,166,156,125,201,179,206,248,210,170
,,,,,9,9,12,7,22,12,9,14,19,34,7,7
,,,,,158,191,233,159,207,203,216,212,202,182,173,160
,,,,,0,0,0,0,0,0,0,0,0,0,0,0
,,,,,0,0,0,0,0,0,0,1,0,0,0,0
,,,,,2,0,0,0,0,0,0,0,0,0,0,0
,,,,,2,0,1,0,1,0,2,0,1,0,2,1
,,,,,0,0,0,0,0,0,0,0,0,0,0,0
,,,,,2,0,0,0,0,0,0,0,0,0,0,1
,,,,,0,0,1,0,1,0,0,0,0,0,0,0
,,,,,0,0,0,1,3,0,0,2,3,0,0,0
,,,,,0,2,4,3,2,3,3,0,3,2,0,0
Possession of Weapons,Hackney,322,,,2,0,4,2,6,1,7,3,4,8,2,1
,,,,,0,0,3,2,4,4,3,2,4,2,0,0
,,,,,8,15,13,9,11,10,7,9,13,12,8,12
,,,,,0,0,0,0,0,0,0,0,0,0,0,0
,,,,,3,2,2,5,6,6,2,2,2,0,2,2
Public Order Offences,Hackney,1930,,,2,1,2,5,4,5,6,4,3,4,5,3
,,,,,4,0,5,3,3,4,4,2,0,1,1,1
,,,,,1,0,0,1,2,0,3,0,0,1,0,1
,,,,,0,1,0,1,2,0,0,1,1,0,2,0
Robbery,Hackney,2047,,,11,9,8,11,9,7,13,8,7,10,2,12
,,,,,0,0,0,0,0,0,0,0,4,5,0,2
Sexual Offences,Hackney,706,,,13,15,26,10,12,9,7,17,8,13,12,13
,,,,,1,4,2,1,2,1,2,2,3,3,1,0
Theft,Hackney,10774,,,2,3,4,6,4,4,3,3,7,3,3,4
,,,,,12,9,19,11,9,9,7,11,7,11,9,7
,,,,,21,23,28,33,38,26,29,26,43,37,35,26
,,,,,89,112,113,102,124,105,135,96,130,134,108,96
,,,,,23,30,32,52,41,32,40,45,23,40,37,29
,,,,,0,0,1,0,0,1,0,0,0,0,0,0
,,,,,9,10,14,11,7,19,13,9,10,6,10,6
,,,,,85,76,93,82,99,98,91,87,79,94,86,73
,,,,,53,41,47,43,43,58,61,38,41,36,60,36
,,,,,49,39,31,38,48,46,45,35,23,48,46,34
,,,,,15,12,18,15,21,22,31,16,28,21,17,16
,,,,,244,270,305,306,309,310,393,302,243,276,257,278
,,,,,134,131,136,142,139,141,140,158,145,156,187,105
,,,,,39,51,37,56,56,57,46,47,41,42,49,50
,,,,,5,2,3,6,3,4,1,4,4,4,8,9
,,,,,59,62,56,49,40,43,42,41,65,79,62,59
,,,,,269,255,229,203,187,195,235,294,304,370,344,361
,,,,,98,72,98,116,104,79,79,86,117,108,99,105
,,,,,0,0,1,0,0,1,2,0,0,1,0,2
,,,,,291,244,300,271,273,302,361,308,301,268,308,316
,,,,,492,434,473,473,546,485,625,528,552,553,585,530
,,,,,2,11,0,6,6,1,9,4,7,8,4,5
,,,,,171,172,187,193,184,172,209,168,179,188,166,166
,,,,,51,68,62,66,47,56,47,41,45,52,37,59
,,,,,203,213,220,156,180,148,138,190,181,190,214,251
,,,,,11,9,15,9,14,3,9,8,8,7,8,4
,,,,,165,119,177,111,155,151,166,83,139,108,109,118
,,,,,0,0,1,0,0,1,1,0,0,0,0,0
,,,,,0,0,0,0,0,0,0,1,0,2,0,0
,,,,,0,0,0,0,0,0,0,0,0,1,0,0
,,,,,0,0,1,1,4,1,1,0,0,2,1,1
,,,,,0,1,0,1,0,0,1,0,0,0,0,1
,,,,,0,0,0,0,0,0,0,0,0,0,0,0
,,,,,0,0,0,0,0,0,0,0,0,0,0,2
,,,,,0,0,0,0,0,0,0,1,1,0,1,0
,,,,,0,0,0,2,2,0,0,0,1,1,0,2
,,,,,1,2,1,1,1,0,1,1,0,0,0,2
,,,,,4,3,1,1,1,2,2,1,2,1,1,2
,,,,,7,8,7,8,8,6,9,7,11,11,11,3
,,,,,0,0,0,0,0,0,0,0,0,0,0,0
,,,,,4,3,4,2,3,0,2,1,7,1,3,1
,,,,,0,3,3,2,4,5,2,5,3,1,5,2
,,,,,1,4,1,1,1,2,4,2,1,1,4,4
,,,,,2,0,2,0,2,0,2,0,1,2,0,0
,,,,,3,1,0,2,1,0,1,1,1,1,3,1
,,,,,4,9,9,7,11,4,10,5,4,10,5,8
,,,,,0,0,0,0,0,1,0,0,0,0,0,0
,,,,,8,10,5,3,8,5,14,12,11,8,6,6
,,,,,1,0,0,2,1,0,0,1,0,1,1,1
,,,,,1,3,2,3,1,0,4,3,2,1,2,1
,,,,,13,9,21,10,11,5,8,12,15,15,10,6
,,,,,37,23,28,14,32,27,26,20,31,16,26,20
,,,,,105,74,109,103,131,106,148,135,112,102,107,96
,,,,,24,24,33,29,43,37,44,36,39,30,47,29
,,,,,0,1,0,2,0,0,0,0,0,0,1,0
,,,,,10,7,9,2,9,6,4,10,10,4,11,8
,,,,,98,110,126,115,119,97,81,87,84,91,108,99
,,,,,34,23,39,33,25,43,40,32,54,31,38,28
,,,,,26,25,33,27,18,34,17,26,15,25,29,20
,,,,,27,27,44,53,55,53,48,44,63,35,42,37
,,,,,294,302,354,246,244,270,326,293,286,294,274,277
,,,,,94,90,114,101,111,114,117,112,107,119,134,117
,,,,,58,80,97,72,62,75,82,64,41,78,71,50
,,,,,1,2,2,3,3,5,5,6,8,7,3,2
,,,,,50,37,71,57,67,47,70,54,50,54,52,58
,,,,,245,279,313,282,261,249,306,298,318,338,376,328
,,,,,79,96,98,112,113,92,118,104,89,126,116,92
,,,,,1,0,0,0,0,0,0,1,3,0,1,1
,,,,,250,210,232,277,233,261,256,247,239,218,247,252
,,,,,465,407,493,393,440,487,496,495,475,540,545,440
,,,,,5,7,6,10,9,5,3,3,8,2,12,3
,,,,,168,146,188,171,142,175,185,152,197,150,171,186
,,,,,33,36,29,39,62,40,31,32,36,41,46,57
,,,,,267,241,233,242,190,208,190,167,195,247,319,251
,,,,,4,8,9,10,14,20,10,11,11,12,19,21
,,,,,88,84,113,91,102,82,68,69,61,53,76,60
,,,,,0,1,0,0,2,0,0,1,0,0,1,0
,,,,,2,0,3,3,1,2,1,1,0,1,1,1
,,,,,0,0,0,0,0,0,0,0,0,0,0,0
,,,,,0,0,1,0,0,0,0,0,0,0,0,0
,,,,,0,0,0,0,0,0,0,0,0,0,0,0
,,,,,1,1,2,2,1,0,1,2,0,0,0,0
,,,,,0,0,0,1,0,1,1,1,0,0,2,0
,,,,,1,2,5,3,4,3,2,2,1,4,2,1
,,,,,2,2,3,5,1,1,1,1,0,0,3,1
,,,,,10,14,10,10,13,4,5,5,7,7,10,13
,,,,,3,1,7,4,5,3,2,1,2,3,0,0
,,,,,5,5,3,1,1,1,0,0,4,1,1,5
,,,,,0,0,0,0,0,0,0,0,0,1,0,0
,,,,,1,2,3,4,1,0,0,1,1,1,1,1
,,,,,3,3,1,2,1,0,2,1,0,1,1,1
,,,,,1,1,3,3,2,0,0,1,0,2,4,1
,,,,,1,0,0,4,0,0,0,2,0,0,0,0
,,,,,8,9,10,6,6,7,7,6,4,7,5,14
,,,,,0,0,0,0,0,0,0,1,0,0,0,0
,,,,,0,0,0,0,0,0,1,0,1,1,0,0
,,,,,8,13,13,5,13,8,8,10,14,8,5,11
,,,,,0,3,2,1,3,2,1,2,1,2,3,2
,,,,,4,2,2,1,3,1,1,4,2,1,2,1
Vehicle Offences,Hackney,3774,,,5,12,6,8,5,14,11,11,8,12,9,10
,,,,,17,20,18,22,25,29,22,17,27,25,19,14
,,,,,65,78,77,103,96,97,112,73,90,110,113,75
,,,,,14,22,13,13,15,22,19,23,19,24,20,27
Violence Against the Person,Hackney,7765,,,0,1,0,0,0,1,0,0,0,0,0,0
,,,,,7,4,4,5,15,5,2,5,14,11,10,14
,,,,,116,101,126,115,134,145,146,106,137,164,176,158
Arson and Criminal Damage,Hammersmith and Fulham,1349,,,27,29,23,24,43,36,41,30,22,19,36,25
,,,,,24,17,18,24,22,26,26,22,21,34,19,24
Burglary,Hammersmith and Fulham,1879,,,14,18,9,13,24,20,36,58,25,16,11,12
,,,,,255,289,273,250,262,291,293,266,256,299,250,241
Drug Offences,Hammersmith and Fulham,1126,,,76,84,93,96,96,78,89,88,83,126,119,97
,,,,,50,67,68,64,60,85,65,58,49,76,58,63
Miscellaneous Crimes Against Society,Hammersmith and Fulham,294,,,3,1,1,3,5,7,6,4,0,7,4,4
,,,,,83,79,125,56,53,66,71,56,81,64,96,68
,,,,,316,241,296,216,241,270,310,290,339,290,354,337
,,,,,171,120,141,160,147,138,156,162,128,176,120,107
,,,,,0,0,0,0,1,0,1,0,2,1,0,0
,,,,,239,198,234,218,223,254,258,221,244,243,229,200
,,,,,410,383,433,405,408,454,528,402,460,432,481,437
,,,,,7,4,2,2,7,7,11,7,14,3,9,8
,,,,,194,144,167,211,176,185,187,155,186,193,170,166
,,,,,47,43,65,70,81,84,45,64,43,59,44,38
,,,,,209,160,211,191,166,136,132,121,124,113,146,139
,,,,,5,6,6,6,8,6,5,9,5,6,8,8
,,,,,76,78,111,79,81,107,123,121,112,123,121,97
,,,,,0,0,0,1,0,0,0,0,0,0,0,0
,,,,,0,0,0,0,0,1,1,0,1,0,0,0
,,,,,0,0,0,0,0,0,0,0,0,0,0,0
,,,,,2,2,1,0,0,3,4,2,2,2,1,0
Possession of Weapons,Hammersmith and Fulham,157,,,1,0,0,1,1,0,0,0,0,1,0,1
,,,,,0,0,1,0,0,0,0,0,0,0,0,0
,,,,,0,0,0,0,0,0,0,0,0,0,0,1
,,,,,2,0,0,2,0,3,2,1,1,1,1,0
,,,,,2,1,2,0,2,1,1,1,1,3,1,1
Public Order Offences,Hammersmith and Fulham,1594,,,2,0,1,8,1,1,2,0,1,1,6,0
,,,,,4,6,8,4,7,8,6,2,8,8,11,8
,,,,,6,6,3,2,10,11,2,7,3,7,4,9
,,,,,1,1,0,1,4,2,2,2,0,0,1,0
Robbery,Hammersmith and Fulham,878,,,1,7,1,5,0,1,3,3,1,4,8,1
,,,,,0,0,0,0,0,0,0,0,0,0,0,0
Sexual Offences,Hammersmith and Fulham,544,,,1,1,1,1,3,1,2,3,2,3,7,3
,,,,,2,1,0,0,1,0,0,0,1,1,0,0
Theft,Hammersmith and Fulham,6902,,,1,0,2,3,1,0,2,2,0,1,3,0
,,,,,7,4,8,4,6,6,9,9,11,11,9,9
,,,,,0,0,0,0,0,0,0,0,0,0,1,1
,,,,,4,14,12,11,4,10,14,10,8,13,6,8
Vehicle Offences,Hammersmith and Fulham,3494,,,0,0,2,0,0,0,0,1,1,1,1,0
,,,,,3,1,2,2,3,3,1,3,3,2,0,2
,,,,,12,9,9,9,11,12,6,8,8,2,12,6
,,,,,25,17,16,18,20,27,16,38,22,14,15,21
Violence Against the Person,Hammersmith and Fulham,5672,,,92,61,109,82,120,111,110,105,122,127,112,102
,,,,,14,16,31,28,29,23,32,45,28,25,27,27
,,,,,0,1,2,0,0,0,0,1,1,0,0,0
Arson and Criminal Damage,Haringey,1826,,,5,3,5,3,7,8,9,8,12,13,9,7
,,,,,58,43,70,54,62,52,69,66,79,84,75,73
Burglary,Haringey,2835,,,33,30,53,34,37,45,46,36,40,39,37,22
,,,,,26,23,23,26,32,30,31,43,31,30,30,29
Drug Offences,Haringey,1594,,,28,24,26,30,46,37,36,32,45,24,21,8
,,,,,244,224,230,234,261,257,262,292,235,243,251,219
Miscellaneous Crimes Against Society,Haringey,370,,,93,125,152,139,179,147,168,172,156,158,205,124
,,,,,53,41,28,58,47,41,63,30,37,58,84,61
,,,,,3,6,4,1,3,8,7,9,5,2,3,3
,,,,,69,49,57,60,71,57,71,74,58,43,51,39
,,,,,255,207,195,181,175,226,220,287,271,251,251,152
,,,,,98,97,115,109,114,108,125,114,96,108,94,96
,,,,,0,0,0,0,0,1,1,0,0,2,0,0
,,,,,178,204,237,249,232,238,268,276,251,238,236,218
,,,,,378,394,435,431,419,479,476,419,550,481,438,491
,,,,,5,5,9,2,5,8,6,2,6,6,6,4
,,,,,163,120,148,118,162,142,163,151,158,139,132,139
,,,,,67,70,88,95,62,67,96,77,63,64,52,64
,,,,,239,238,181,245,171,242,214,167,215,224,177,176
,,,,,6,11,5,10,9,3,12,8,5,13,12,4
,,,,,113,109,167,126,130,137,155,132,127,108,154,150
,,,,,0,0,0,1,0,0,1,1,0,3,1,1
,,,,,0,0,0,0,0,5,2,2,2,3,2,2
,,,,,0,0,0,0,0,0,0,0,0,0,0,0
Possession of Weapons,Haringey,291,,,2,1,1,0,2,1,0,1,0,2,0,1
,,,,,0,0,0,0,0,1,0,0,0,0,0,0
,,,,,0,0,0,0,0,0,0,0,0,0,1,0
,,,,,0,0,0,1,0,0,1,0,0,1,0,0
,,,,,0,0,0,0,0,1,0,0,1,0,0,0
Public Order Offences,Haringey,1753,,,2,2,6,2,1,0,1,7,1,0,1,5
,,,,,0,0,1,3,3,2,4,1,0,3,2,0
,,,,,0,2,0,3,0,1,1,2,1,0,2,0
Robbery,Haringey,2642,,,8,9,5,6,10,5,2,4,5,6,11,3
,,,,,1,2,3,2,2,3,2,0,1,1,1,1
Sexual Offences,Haringey,747,,,0,0,0,1,1,3,1,1,1,1,1,0
,,,,,0,2,1,4,2,4,1,1,3,0,0,2
Theft,Haringey,7282,,,0,2,2,0,1,3,1,1,1,0,2,0
,,,,,0,1,0,1,1,0,1,1,2,2,2,1
,,,,,0,1,0,0,0,0,0,0,0,1,0,0
,,,,,6,8,1,5,1,3,5,4,3,4,1,3
Vehicle Offences,Haringey,5497,,,0,0,0,1,0,0,0,0,1,0,0,0
,,,,,12,14,22,16,12,4,10,8,18,8,10,7
,,,,,3,1,3,2,1,0,1,2,1,2,1,0
,,,,,1,1,2,2,2,2,2,1,0,0,3,1
Violence Against the Person,Haringey,7627,,,10,19,14,15,12,11,13,7,14,11,9,10
,,,,,16,16,11,12,15,15,22,17,17,15,17,7
,,,,,99,84,122,103,108,91,138,125,109,97,112,101
Arson and Criminal Damage,Harrow,1091,,,28,39,37,40,40,28,51,33,40,46,34,39
,,,,,1,1,1,0,0,2,0,0,1,0,0,0
Burglary,Harrow,2048,,,7,9,8,10,6,5,11,6,18,9,11,12
,,,,,150,143,159,174,159,167,188,141,153,163,182,156
Drug Offences,Harrow,808,,,34,26,33,36,58,33,67,34,28,24,42,28
,,,,,19,17,25,19,18,18,29,23,23,24,29,19
Miscellaneous Crimes Against Society,Harrow,196,,,107,86,115,154,172,148,213,196,168,178,111,100
,,,,,393,333,383,446,414,383,444,457,412,347,382,386
,,,,,61,63,69,63,69,71,79,90,90,106,106,109
,,,,,232,248,268,240,257,261,313,290,294,355,277,235
,,,,,2,2,1,0,8,6,2,2,4,4,1,1
,,,,,52,33,32,30,47,34,33,41,32,41,38,25
,,,,,184,183,199,175,206,214,216,229,252,208,195,184
,,,,,64,72,75,76,75,72,84,73,60,87,59,61
,,,,,0,0,0,2,1,0,0,1,0,0,0,1
,,,,,238,197,282,238,259,268,287,265,224,244,224,208
,,,,,397,364,407,373,413,369,451,436,407,381,396,432
,,,,,4,3,2,3,2,0,5,3,8,5,4,4
,,,,,119,95,111,96,113,108,121,113,89,105,116,120
,,,,,52,45,47,34,34,32,48,40,46,70,48,36
,,,,,128,114,100,115,103,87,122,134,118,112,98,116
,,,,,7,1,2,3,2,4,1,3,0,7,3,2
,,,,,79,74,88,113,112,98,99,152,80,80,70,46
,,,,,0,0,0,1,0,0,0,0,0,0,0,1
Possession of Weapons,Harrow,92,,,1,0,1,0,0,0,1,0,0,1,0,2
,,,,,0,0,0,0,1,0,0,0,1,0,0,0
,,,,,1,0,0,0,0,0,0,0,0,0,0,0
,,,,,0,0,0,0,0,0,0,0,0,0,0,0
,,,,,0,1,0,0,1,0,0,0,1,0,0,0
Public Order Offences,Harrow,920,,,0,2,1,3,6,2,4,1,2,5,0,1
,,,,,3,2,2,1,0,1,4,2,1,0,2,2
,,,,,2,0,4,4,1,2,3,2,0,0,2,1
,,,,,4,7,6,6,5,4,4,3,6,2,5,1
Robbery,Harrow,638,,,3,3,7,2,0,7,3,2,5,4,1,3
,,,,,2,5,2,5,1,6,2,2,1,3,1,2
Sexual Offences,Harrow,450,,,0,0,0,0,1,1,5,2,2,1,1,0
,,,,,0,2,2,3,0,1,1,1,1,2,0,1
Theft,Harrow,3566,,,0,0,0,2,2,2,0,2,2,0,2,0
,,,,,3,0,2,1,1,1,0,0,0,2,1,1
,,,,,4,0,3,2,1,3,3,3,4,3,5,5
,,,,,1,0,0,0,0,0,0,0,0,4,0,1
Vehicle Offences,Harrow,2871,,,12,5,7,7,11,6,6,5,5,9,6,8
,,,,,0,0,0,0,0,1,0,0,2,1,0,0
,,,,,1,0,2,0,0,0,1,2,2,0,1,3
,,,,,9,5,6,3,4,1,5,3,3,3,3,3
Violence Against the Person,Harrow,4694,,,17,14,25,15,14,16,20,14,10,13,18,18
,,,,,72,80,93,85,82,101,105,91,86,93,100,77
,,,,,26,26,25,23,25,25,34,29,42,24,23,32
Arson and Criminal Damage,Havering,1349,,,1,0,0,0,0,0,0,0,0,0,0,0
,,,,,2,2,2,6,5,3,11,5,7,8,6,4
Burglary,Havering,1886,,,50,71,79,95,61,80,52,61,63,87,78,40
,,,,,31,29,19,18,21,32,26,24,25,22,30,23
Drug Offences,Havering,747,,,26,41,28,31,28,6,13,10,14,13,23,11
Miscellaneous Crimes Against Society,Havering,271,,,70,70,96,94,104,110,152,126,105,118,50,63
,,,,,257,250,292,286,295,278,338,282,247,290,327,317
,,,,,105,114,118,105,121,127,127,106,115,112,127,102
,,,,,51,71,56,64,68,79,84,65,58,92,89,129
,,,,,2,1,1,0,3,1,4,3,1,4,2,1
,,,,,20,17,28,35,41,30,33,25,32,52,16,31
,,,,,153,142,178,224,184,187,227,208,209,236,215,259
,,,,,44,52,61,48,45,54,58,47,76,85,65,54
,,,,,0,0,2,0,0,2,0,1,0,0,0,0
,,,,,124,139,165,190,177,187,149,178,169,134,191,117
,,,,,317,344,341,316,361,287,319,287,309,295,287,284
,,,,,5,3,2,7,10,2,6,4,8,4,6,7
,,,,,160,150,155,147,139,153,149,149,132,157,131,140
,,,,,48,34,77,79,60,76,64,52,48,44,54,31
,,,,,236,205,208,179,207,171,179,166,145,163,175,134
,,,,,8,7,3,3,9,10,11,8,3,10,19,12
,,,,,140,138,140,107,131,129,150,85,100,112,108,151
Possession of Weapons,Havering,163,,,0,0,0,0,0,0,0,0,1,0,0,0
,,,,,0,0,1,0,0,0,0,0,0,0,0,0
,,,,,0,2,1,2,1,1,2,0,1,2,0,3
,,,,,1,0,0,1,0,0,1,0,0,0,1,0
Public Order Offences,Havering,1118,,,0,0,0,0,0,0,0,0,0,0,1,0
,,,,,1,2,0,0,2,1,0,2,0,1,2,0
,,,,,1,0,2,3,0,2,0,2,2,2,0,2
,,,,,9,11,1,0,3,1,4,2,1,1,5,4
Robbery,Havering,688,,,1,8,5,1,0,0,6,0,2,1,0,2
,,,,,6,7,9,5,7,7,6,5,5,5,6,10
Sexual Offences,Havering,474,,,0,0,0,0,1,0,0,0,1,0,0,0
,,,,,3,2,2,3,1,0,3,2,2,1,3,3
Theft,Havering,4028,,,0,2,1,1,2,0,1,1,2,2,0,1
,,,,,0,2,3,3,2,0,2,1,1,2,3,1
,,,,,4,2,2,2,2,2,4,1,0,4,1,3
,,,,,2,2,1,1,1,0,1,1,3,3,6,3
Vehicle Offences,Havering,2997,,,0,0,0,0,0,0,0,0,0,0,0,0
,,,,,5,3,4,1,6,5,2,4,6,12,8,8
,,,,,0,0,0,0,0,0,0,0,0,1,1,0
,,,,,10,7,8,11,10,10,4,6,7,11,7,5
Violence Against the Person,Havering,5467,,,4,0,2,2,2,1,1,0,1,3,1,0
,,,,,1,1,4,2,3,2,3,5,2,3,4,4
,,,,,17,22,17,12,7,11,9,8,4,7,15,13
Arson and Criminal Damage,Hillingdon,2234,,,21,15,15,17,16,9,18,13,17,23,13,19
,,,,,63,84,101,91,119,89,118,99,112,101,111,89
Burglary,Hillingdon,2777,,,35,29,28,19,30,38,30,35,33,28,41,34
,,,,,14,11,6,8,9,11,15,5,7,6,9,13
Drug Offences,Hillingdon,1341,,,173,167,200,181,212,180,244,219,241,256,301,154
,,,,,31,29,44,31,39,38,40,32,31,37,41,27
Miscellaneous Crimes Against Society,Hillingdon,323,,,29,39,35,21,23,35,22,29,26,29,16,23
,,,,,21,25,25,25,42,54,72,36,51,33,16,28
,,,,,301,301,318,319,346,332,354,288,309,319,284,265
,,,,,110,102,102,134,140,106,119,75,129,135,114,168
,,,,,105,137,150,145,153,183,174,82,89,180,140,146
,,,,,2,2,3,1,4,0,3,8,4,6,3,4
,,,,,71,48,59,50,35,43,43,37,57,80,46,35
,,,,,287,243,374,274,251,350,337,282,443,374,296,235
,,,,,87,70,87,108,99,94,104,104,92,82,88,92
,,,,,0,1,0,0,0,1,0,2,1,0,0,1
,,,,,237,217,235,226,245,227,266,234,203,209,204,231
,,,,,362,390,404,407,427,417,432,384,394,442,403,425
,,,,,6,3,2,2,4,1,4,4,6,4,2,0
,,,,,78,88,95,87,91,84,99,74,87,84,88,98
,,,,,22,26,36,33,41,33,32,23,20,16,15,22
,,,,,189,159,172,115,109,120,92,82,161,181,166,183
,,,,,7,2,6,4,8,3,1,10,5,6,5,0
,,,,,64,55,64,56,69,54,68,76,85,63,64,33
Possession of Weapons,Hillingdon,171,,,0,0,0,0,0,0,0,0,0,1,0,1
,,,,,0,0,0,0,0,0,0,1,0,0,0,0
,,,,,0,0,0,0,0,1,0,0,1,0,0,0
,,,,,0,1,0,0,0,0,0,0,0,0,0,0
,,,,,0,0,0,0,0,0,0,0,0,0,0,0
Public Order Offences,Hillingdon,1650,,,0,0,0,0,0,1,0,0,1,0,0,0
,,,,,0,0,2,1,1,0,2,0,3,0,0,0
,,,,,0,1,0,0,0,0,1,1,0,0,0,1
,,,,,1,0,1,1,0,0,0,0,1,0,2,0
Robbery,Hillingdon,817,,,3,3,6,5,6,5,5,2,8,8,8,8
,,,,,0,0,0,0,0,0,0,0,0,0,0,0
Sexual Offences,Hillingdon,484,,,1,3,1,0,0,2,2,1,2,1,2,4
,,,,,0,0,2,1,0,2,0,2,2,0,0,2
Theft,Hillingdon,5643,,,2,2,0,0,1,1,1,0,1,1,2,0
,,,,,1,1,0,0,0,0,1,1,0,2,1,0
,,,,,0,0,3,0,1,0,0,2,2,0,1,0
,,,,,0,0,0,0,0,0,0,0,0,0,0,0
Vehicle Offences,Hillingdon,4616,,,5,4,6,2,3,2,5,2,1,5,5,5
,,,,,0,0,0,0,0,0,0,0,0,0,0,0
,,,,,8,3,4,4,4,4,7,4,1,3,4,1
,,,,,0,0,1,1,0,1,0,2,1,0,2,0
Violence Against the Person,Hillingdon,7392,,,0,0,0,2,0,2,0,2,0,0,2,0
,,,,,1,3,2,4,3,6,1,3,1,2,1,2
,,,,,11,6,11,15,11,11,14,6,8,8,10,17
Arson and Criminal Damage,Hounslow,1907,,,49,45,44,61,50,41,63,42,44,63,39,46
,,,,,12,12,21,13,16,18,23,19,16,13,17,24
Burglary,Hounslow,2224,,,0,0,0,0,0,0,0,0,0,0,1,0
,,,,,3,9,8,4,1,7,4,2,5,7,4,4
Drug Offences,Hounslow,1693,,,51,48,48,55,42,41,40,37,42,61,58,57
,,,,,29,15,35,25,32,22,21,17,22,32,16,15
Miscellaneous Crimes Against Society,Hounslow,353,,,14,7,5,23,15,11,23,21,12,15,16,7
,,,,,2,5,8,7,7,24,18,24,18,16,5,5
,,,,,152,170,174,147,149,158,183,183,153,150,160,155
,,,,,80,67,84,56,87,70,73,82,68,86,80,74
,,,,,37,53,54,45,49,58,67,35,52,52,37,47
,,,,,0,0,3,1,0,3,0,1,3,1,2,2
,,,,,47,35,41,41,46,42,45,34,28,50,27,35
,,,,,147,104,110,152,149,169,188,155,160,207,149,172
,,,,,45,53,47,44,41,43,51,39,35,35,42,47
,,,,,0,0,1,0,0,0,0,0,0,0,1,0
,,,,,128,111,142,134,149,152,144,129,125,122,128,104
,,,,,259,249,206,242,273,280,278,254,265,283,279,256
,,,,,6,3,1,6,5,8,1,10,8,8,2,4
,,,,,108,116,95,100,125,105,115,92,105,122,104,100
,,,,,41,28,41,48,58,99,67,50,27,52,29,28
,,,,,145,98,94,88,121,97,87,86,67,138,166,131
,,,,,7,2,4,8,13,3,7,1,6,2,2,4
,,,,,40,59,54,46,75,48,60,61,55,77,69,44
,,,,,0,0,0,0,0,0,0,0,0,0,0,0
,,,,,1,0,2,1,0,1,1,1,2,1,1,0
Possession of Weapons,Hounslow,220,,,0,0,0,0,1,0,0,0,0,0,0,0
,,,,,0,0,0,0,0,0,0,0,0,2,0,0
,,,,,0,0,1,0,0,0,0,0,0,1,0,0
,,,,,0,0,0,1,0,0,1,0,1,0,1,0
,,,,,0,6,2,1,1,0,1,1,0,1,0,1
Public Order Offences,Hounslow,1761,,,1,0,3,0,2,1,0,4,2,3,2,2
,,,,,0,0,1,0,2,0,2,0,0,0,1,0
,,,,,3,12,10,9,5,5,5,7,6,5,8,8
,,,,,2,3,3,3,4,2,3,2,0,2,0,1
Robbery,Hounslow,756,,,2,3,2,2,1,1,1,2,0,1,1,0
,,,,,1,1,2,0,1,0,3,1,1,1,1,2
Sexual Offences,Hounslow,538,,,0,0,0,0,0,1,0,0,0,0,0,0
,,,,,0,6,1,2,2,0,0,1,0,0,0,0
Theft,Hounslow,5575,,,5,4,5,2,3,5,6,7,7,4,3,9
,,,,,0,0,0,0,0,0,0,0,0,0,0,0
,,,,,5,6,19,9,7,3,4,8,4,9,8,1
,,,,,0,2,0,1,1,0,2,1,0,2,1,1
Vehicle Offences,Hounslow,4303,,,5,1,2,0,0,2,0,1,0,0,0,1
,,,,,6,4,8,4,4,4,3,6,5,6,3,4
,,,,,9,14,7,14,20,16,16,7,14,7,12,13
,,,,,43,54,77,47,71,71,66,72,65,64,74,60
Violence Against the Person,Hounslow,7618,,,14,21,29,16,15,22,16,20,17,9,7,17
,,,,,0,0,0,0,0,0,0,1,1,0,0,0
,,,,,3,10,3,6,5,4,2,9,1,6,9,3
Arson and Criminal Damage,Islington,1523,,,63,45,83,69,54,38,57,44,37,61,47,29
,,,,,23,21,33,30,37,25,34,22,22,30,19,21
Burglary,Islington,2659,,,12,12,17,10,5,18,9,15,13,8,21,17
,,,,,12,15,14,14,16,15,27,13,13,12,7,3
Drug Offences,Islington,1342,,,184,144,186,185,193,178,176,151,150,163,162,150
,,,,,92,101,100,103,140,118,104,124,121,187,136,108
Miscellaneous Crimes Against Society,Islington,322,,,34,37,33,45,52,27,33,16,28,34,33,39
,,,,,1,3,2,0,6,4,8,0,0,4,1,6
,,,,,39,26,27,37,37,26,26,34,28,32,35,28
,,,,,96,86,108,83,96,98,92,110,118,131,132,123
,,,,,123,121,114,114,118,103,112,89,97,125,118,80
,,,,,1,0,1,0,0,1,0,0,0,0,0,1
,,,,,167,153,144,156,160,135,172,158,167,173,140,153
,,,,,266,282,296,316,298,273,337,308,297,341,250,321
,,,,,8,9,4,6,8,9,12,3,11,5,12,5
,,,,,135,148,219,198,181,179,160,176,189,217,172,168
,,,,,45,34,47,40,38,52,33,45,41,24,31,41
,,,,,237,183,212,146,156,158,146,158,189,244,258,219
,,,,,5,8,15,9,8,9,9,8,6,5,13,7
,,,,,89,127,108,89,108,118,120,114,106,110,78,72
,,,,,0,0,0,0,0,0,0,0,0,0,0,0
,,,,,0,0,0,0,0,0,0,0,0,0,0,0
,,,,,0,0,0,0,0,0,0,0,0,0,0,0
,,,,,1,0,1,0,2,0,0,0,2,0,0,2
Possession of Weapons,Islington,246,,,0,0,0,0,0,0,0,0,0,0,0,0
,,,,,0,0,0,0,0,1,0,0,0,0,0,0
,,,,,1,0,0,1,0,0,0,0,0,2,0,0
,,,,,3,2,2,0,1,1,0,1,2,1,2,1
,,,,,0,2,0,0,3,0,3,1,1,1,1,1
Public Order Offences,Islington,1777,,,3,2,1,0,3,2,2,0,0,0,3,1
,,,,,6,6,3,9,4,4,6,4,10,8,8,5
,,,,,0,0,0,0,0,0,1,1,0,0,0,1
,,,,,0,3,1,3,1,0,1,2,1,3,4,0
Robbery,Islington,1596,,,6,2,5,1,3,4,3,5,3,3,1,5
,,,,,1,2,3,2,2,3,1,1,2,1,0,3
Sexual Offences,Islington,633,,,0,0,0,0,0,0,1,0,0,0,2,0
,,,,,0,1,0,1,0,2,1,0,1,1,5,1
Theft,Islington,10699,,,7,5,5,6,8,8,15,9,5,6,8,9
,,,,,1,0,0,0,0,0,1,1,0,1,0,0
,,,,,4,5,7,3,5,6,4,3,6,7,7,4
,,,,,2,1,0,0,0,1,0,2,0,1,2,1
Vehicle Offences,Islington,3195,,,3,1,5,3,1,2,0,5,2,1,0,2
,,,,,7,7,13,6,3,4,1,11,2,6,6,5
,,,,,15,15,19,11,21,16,23,9,15,12,7,10
,,,,,56,80,111,90,121,112,109,119,98,98,100,109
Violence Against the Person,Islington,6390,,,22,22,20,22,25,19,26,23,26,22,20,26
,,,,,0,0,1,0,0,0,0,0,0,0,0,0
,,,,,6,6,11,12,3,3,10,13,11,20,10,10
Arson and Criminal Damage,Kensington and Chelsea,1056,,,72,70,76,84,45,55,52,45,54,65,44,40
,,,,,18,33,28,22,26,21,34,20,26,22,28,28
Burglary,Kensington and Chelsea,2167,,,17,15,11,17,13,17,18,6,21,10,20,13
,,,,,21,18,23,19,27,17,32,37,39,31,36,10
Drug Offences,Kensington and Chelsea,1386,,,279,229,239,270,251,261,286,225,208,277,251,254
,,,,,104,123,119,139,115,159,145,155,177,184,207,139
Miscellaneous Crimes Against Society,Kensington and Chelsea,150,,,58,49,44,44,38,47,40,32,36,43,56,50
,,,,,3,3,6,5,3,5,2,6,3,2,1,3
,,,,,72,51,42,59,53,51,76,67,55,84,67,47
,,,,,239,180,223,216,212,216,246,275,234,279,266,225
,,,,,118,88,79,74,67,64,66,90,81,102,99,111
,,,,,0,0,0,0,0,0,1,0,0,0,1,0
,,,,,189,199,212,200,198,208,240,215,216,165,201,224
,,,,,383,381,417,389,432,448,435,389,400,424,434,391
,,,,,8,4,6,5,14,10,11,7,10,7,3,2
,,,,,136,159,166,144,163,154,163,112,143,153,150,177
,,,,,60,98,59,48,47,38,22,36,56,41,40,31
,,,,,131,138,168,112,111,110,115,132,164,168,172,127
,,,,,8,11,6,13,6,15,7,6,4,9,10,3
,,,,,136,145,159,130,116,135,133,140,150,128,128,95
,,,,,0,0,0,0,0,0,0,0,0,0,0,0
,,,,,0,0,0,0,0,0,0,0,0,0,0,0
,,,,,0,1,1,0,2,1,1,0,0,0,0,1
Possession of Weapons,Kensington and Chelsea,129,,,0,0,0,1,0,0,1,0,0,0,0,0
,,,,,0,0,0,0,0,0,0,0,0,0,1,0
,,,,,0,0,1,0,0,0,0,0,0,0,0,0
,,,,,0,0,0,0,0,0,0,1,1,0,0,0
,,,,,1,1,2,0,1,2,2,2,6,1,6,0
Public Order Offences,Kensington and Chelsea,1254,,,1,3,2,0,1,0,0,1,2,3,3,0
,,,,,4,2,2,0,1,3,1,3,0,2,3,1
,,,,,6,7,10,3,7,5,8,8,3,2,16,9
,,,,,1,1,4,2,1,6,5,0,3,2,4,0
Robbery,Kensington and Chelsea,995,,,3,0,2,2,1,1,1,2,0,0,1,1
,,,,,2,2,3,2,5,1,6,1,5,6,1,2
Sexual Offences,Kensington and Chelsea,371,,,3,1,2,2,1,1,1,1,2,1,6,1
,,,,,0,0,2,0,1,1,1,0,0,0,2,1
Theft,Kensington and Chelsea,9561,,,2,4,0,2,1,2,0,0,2,2,1,0
,,,,,0,0,0,0,0,0,0,0,0,1,0,0
,,,,,9,9,4,8,11,7,5,5,16,6,3,8
,,,,,0,0,0,0,0,1,0,0,0,0,0,0
Vehicle Offences,Kensington and Chelsea,3929,,,0,0,0,0,0,0,0,0,0,0,2,0
,,,,,7,13,15,10,9,12,2,7,8,6,9,5
,,,,,0,0,0,3,2,0,2,0,1,0,0,0
,,,,,2,5,2,1,4,2,2,2,4,2,0,0
Violence Against the Person,Kensington and Chelsea,4253,,,7,7,11,10,7,6,1,3,4,8,8,9
,,,,,12,12,18,10,8,11,19,15,12,12,8,14
,,,,,91,95,103,109,96,141,137,100,100,107,85,98
Arson and Criminal Damage,Kingston upon Thames,946,,,14,26,24,39,31,42,39,23,32,30,28,18
,,,,,0,1,0,0,0,0,0,0,0,0,0,1
Burglary,Kingston upon Thames,1005,,,9,5,1,5,7,3,1,3,4,1,3,3
,,,,,48,63,74,93,59,62,59,45,65,48,54,41
Drug Offences,Kingston upon Thames,902,,,28,24,29,31,25,25,34,17,27,22,36,32
,,,,,14,23,21,19,14,11,21,16,19,17,21,12
Miscellaneous Crimes Against Society,Kingston upon Thames,174,,,41,41,53,64,44,75,91,63,77,53,38,33
,,,,,254,233,256,244,279,238,279,244,236,251,225,273
,,,,,93,107,112,96,101,110,121,129,85,113,121,111
,,,,,48,52,56,47,48,55,55,44,33,49,63,41
,,,,,2,3,3,2,1,6,2,2,1,4,2,4
,,,,,52,59,71,49,49,43,41,55,47,63,34,73
,,,,,245,234,233,243,191,214,220,214,227,251,216,295
,,,,,74,64,75,70,68,57,74,62,73,75,77,83
,,,,,0,0,1,0,1,1,0,0,0,0,0,1
,,,,,210,178,216,214,222,243,214,200,204,202,226,198
,,,,,366,366,403,395,413,431,520,372,416,447,471,487
,,,,,2,3,0,6,6,2,6,4,2,5,9,1
,,,,,139,127,128,118,111,117,119,118,121,148,117,114
,,,,,77,60,74,80,61,58,77,60,70,71,73,79
,,,,,218,148,145,116,138,137,180,138,151,172,128,148
,,,,,11,8,3,3,6,14,14,6,5,9,10,8
Possession of Weapons,Kingston upon Thames,92,,,90,95,104,96,97,86,125,109,84,110,128,121
,,,,,0,0,0,0,0,0,1,0,0,0,0,0
,,,,,0,0,0,0,0,0,0,0,0,1,0,0
,,,,,0,0,2,0,2,1,1,5,0,3,0,1
,,,,,0,0,0,0,0,0,0,1,0,0,1,0
Public Order Offences,Kingston upon Thames,888,,,0,0,0,1,0,0,0,0,0,0,2,0
,,,,,0,0,0,0,0,1,0,0,0,0,0,0
,,,,,1,1,1,1,3,1,5,0,1,1,0,1
,,,,,3,1,3,4,8,2,4,2,1,9,4,0
Robbery,Kingston upon Thames,366,,,2,1,1,3,1,3,0,1,1,1,0,1
,,,,,7,1,4,2,6,1,4,5,4,2,4,5
Sexual Offences,Kingston upon Thames,370,,,4,6,1,3,6,4,1,2,1,3,0,2
,,,,,7,2,6,7,5,4,7,6,2,3,2,6
Theft,Kingston upon Thames,3512,,,1,2,0,1,0,0,1,0,0,0,0,0
,,,,,0,0,0,0,0,0,1,0,0,0,0,0
,,,,,0,5,2,2,6,2,2,3,2,3,1,1
,,,,,1,1,0,0,2,1,0,0,0,1,1,0
Vehicle Offences,Kingston upon Thames,1489,,,1,2,0,0,3,3,1,0,2,1,0,1
,,,,,0,1,3,4,1,5,4,3,4,3,3,5
,,,,,0,0,0,0,0,0,0,0,0,0,0,0
,,,,,7,10,4,8,12,10,11,13,3,5,8,10
Violence Against the Person,Kingston upon Thames,3481,,,0,0,1,1,1,1,2,1,0,2,0,0
,,,,,3,2,2,3,1,0,3,1,0,0,1,3
,,,,,20,13,16,5,7,4,16,11,11,6,4,4
Arson and Criminal Damage,Lambeth,2067,,,20,15,19,17,20,31,13,21,19,17,17,20
,,,,,81,89,98,107,108,93,118,111,101,95,102,104
Burglary,Lambeth,3194,,,17,31,34,28,28,17,40,21,31,32,21,36
,,,,,0,1,1,0,0,0,1,1,0,1,0,0
Drug Offences,Lambeth,2293,,,10,7,17,5,11,7,9,1,7,6,11,10
,,,,,109,92,110,123,119,111,151,155,107,122,163,133
Miscellaneous Crimes Against Society,Lambeth,462,,,26,18,43,50,46,29,36,26,30,28,43,32
,,,,,29,16,16,24,16,15,16,21,14,21,20,18
,,,,,70,47,52,83,92,104,133,93,107,122,86,61
,,,,,416,385,413,456,456,350,459,401,383,419,445,471
,,,,,115,123,129,136,122,121,115,119,121,122,140,113
,,,,,216,214,198,229,256,246,326,288,260,383,276,227
,,,,,2,1,2,1,2,1,2,0,4,2,3,0
,,,,,34,25,35,34,15,33,25,23,36,37,44,21
,,,,,162,127,187,187,182,140,188,162,278,252,181,153
,,,,,54,42,52,57,44,39,53,56,52,64,53,48
,,,,,1,0,0,0,0,1,1,0,0,1,0,0
,,,,,183,163,197,209,206,202,210,182,195,201,199,183
,,,,,343,326,408,315,316,324,370,305,322,368,367,292
,,,,,1,1,0,2,1,4,1,3,2,2,0,2
,,,,,85,83,86,83,83,112,77,92,70,74,101,91
,,,,,52,50,56,59,50,89,63,67,58,79,66,52
,,,,,96,93,117,112,84,133,132,130,140,122,127,140
,,,,,4,0,1,2,3,2,4,8,1,2,5,1
,,,,,89,80,114,94,92,65,76,439,103,69,79,53
,,,,,0,0,0,0,0,0,0,0,0,0,0,0
,,,,,1,0,0,1,0,0,0,0,2,1,0,1
Possession of Weapons,Lambeth,408,,,0,0,0,0,0,0,0,0,0,1,0,0
,,,,,0,0,0,0,0,0,0,0,0,0,0,0
,,,,,0,0,0,0,1,1,0,0,0,0,0,0
,,,,,1,0,0,0,0,0,0,0,0,1,0,0
,,,,,0,2,1,3,0,1,1,1,0,0,5,4
Public Order Offences,Lambeth,2177,,,1,0,2,1,4,0,4,4,0,1,0,1
,,,,,0,1,2,4,2,1,3,2,3,1,1,2
,,,,,4,1,3,2,2,1,1,0,1,1,0,1
,,,,,6,2,2,1,4,0,2,2,1,1,2,1
Robbery,Lambeth,1376,,,0,1,1,1,0,1,1,0,1,1,1,0
,,,,,0,0,0,1,0,0,1,0,1,1,0,1
Sexual Offences,Lambeth,1050,,,0,0,1,1,0,0,0,0,0,1,0,0
,,,,,0,0,1,0,0,0,0,1,0,0,0,0
Theft,Lambeth,10342,,,0,0,0,0,0,0,0,0,0,0,1,0
,,,,,3,2,1,3,2,2,2,1,1,1,2,1
,,,,,0,0,0,0,0,0,0,0,0,0,0,0
,,,,,2,2,7,1,9,3,5,13,5,3,3,6
Vehicle Offences,Lambeth,3657,,,0,0,0,0,1,1,0,1,0,0,2,0
,,,,,1,0,3,0,3,0,3,1,2,1,0,1
,,,,,6,2,0,8,4,1,2,13,2,7,2,3
,,,,,5,9,6,10,8,8,15,15,7,5,8,4
Violence Against the Person,Lambeth,9234,,,51,61,74,68,75,90,99,67,80,65,74,78
,,,,,21,22,23,12,25,20,31,28,21,16,25,24
,,,,,0,1,0,0,2,1,0,0,0,0,0,0
Arson and Criminal Damage,Lewisham,2157,,,8,3,5,6,3,9,5,3,7,5,9,4
,,,,,48,72,59,70,64,69,73,81,96,92,106,98
Burglary,Lewisham,2675,,,14,14,27,15,15,23,17,27,22,14,16,32
,,,,,14,9,12,11,6,8,15,15,2,24,9,10
Drug Offences,Lewisham,1464,,,35,40,62,50,77,88,85,71,49,56,58,37
,,,,,399,373,410,384,402,420,496,487,402,402,469,466
Miscellaneous Crimes Against Society,Lewisham,382,,,120,114,139,125,144,154,157,203,145,152,180,180
,,,,,131,163,156,122,130,162,179,264,129,189,153,152
,,,,,3,1,1,2,1,1,2,3,0,0,2,2
,,,,,29,30,30,31,33,23,29,20,35,50,27,36
,,,,,223,202,254,232,230,204,205,210,275,301,272,342
,,,,,47,37,56,46,45,47,45,45,65,54,50,51
,,,,,0,0,1,0,2,1,0,0,0,0,0,1
,,,,,105,82,119,104,114,124,141,188,117,128,115,123
,,,,,204,212,190,206,214,246,259,271,211,290,274,211
,,,,,2,0,2,5,5,2,4,4,2,4,1,4
,,,,,83,73,69,89,83,71,69,73,75,73,74,79
,,,,,13,26,16,15,15,23,24,17,14,10,16,10
,,,,,78,76,72,50,46,58,72,51,61,78,87,77
,,,,,3,4,11,77,11,1,3,6,1,4,3,6
,,,,,38,46,96,56,71,55,84,69,88,56,54,59
,,,,,0,0,0,0,0,0,0,0,0,0,0,0
,,,,,0,1,0,1,2,0,0,0,0,0,1,0
,,,,,0,0,0,0,0,0,0,0,0,0,0,0
,,,,,1,0,0,0,0,0,0,0,0,0,0,0
,,,,,1,1,0,0,0,0,0,0,0,0,0,0
,,,,,0,2,0,1,1,2,1,0,0,0,0,0
Possession of Weapons,Lewisham,322,,,0,2,0,0,2,0,1,0,1,1,0,2
,,,,,0,0,0,1,1,0,0,1,2,0,2,0
,,,,,6,2,2,4,3,3,3,7,5,2,3,5
,,,,,1,3,1,6,3,1,0,3,1,5,1,1
Public Order Offences,Lewisham,1887,,,0,1,0,0,2,0,2,1,3,0,0,1
,,,,,0,0,0,0,0,0,0,0,0,0,1,0
,,,,,0,1,1,5,0,0,1,1,0,0,0,0
,,,,,0,1,2,0,0,0,1,0,0,0,1,2
Robbery,Lewisham,1263,,,0,0,1,0,0,0,0,0,0,0,0,0
,,,,,3,3,3,3,5,7,3,3,0,4,7,3
Sexual Offences,Lewisham,672,,,0,0,0,0,0,0,0,0,2,0,0,0
,,,,,2,1,5,4,2,2,0,4,3,3,6,7
Theft,Lewisham,5574,,,0,0,0,0,0,0,0,2,0,1,1,0
,,,,,0,3,2,1,1,1,0,0,1,0,0,1
,,,,,3,5,1,2,2,2,5,4,2,5,5,1
,,,,,4,14,7,14,19,17,12,17,8,10,9,13
Vehicle Offences,Lewisham,4267,,,53,43,40,42,46,51,46,63,53,59,47,47
,,,,,5,12,15,7,12,21,21,11,12,14,13,10
,,,,,0,0,0,0,1,0,0,0,0,0,0,0
,,,,,4,2,2,3,3,3,7,6,3,3,3,1
Violence Against the Person,Lewisham,8501,,,23,16,35,36,29,22,25,24,28,34,31,23
,,,,,15,8,21,19,19,13,20,16,20,21,29,16
,,,,,12,13,14,12,14,16,13,16,10,12,11,10
,,,,,43,39,61,38,55,63,70,52,37,35,24,29
,,,,,118,110,110,126,120,115,132,102,106,124,139,112
,,,,,79,67,73,82,88,102,114,88,86,58,90,79
,,,,,44,45,37,41,30,44,57,32,37,72,57,50
,,,,,0,1,1,0,2,0,2,2,1,3,1,4
,,,,,30,24,15,33,28,15,23,21,13,10,10,15
,,,,,84,101,70,97,97,99,102,61,71,57,75,73
,,,,,16,22,18,15,13,21,16,23,11,21,38,34
,,,,,0,0,0,0,0,0,1,0,0,0,0,1
,,,,,114,82,127,90,99,100,85,100,104,106,102,94
,,,,,173,183,220,172,196,162,180,202,223,188,191,186
,,,,,3,4,10,2,11,5,4,5,5,5,4,11
,,,,,174,155,183,170,168,175,158,168,175,164,130,178
,,,,,70,53,77,74,64,55,69,45,56,72,69,61
,,,,,155,188,262,187,188,209,227,223,215,201,187,187
,,,,,22,18,11,6,12,13,18,15,17,2,12,8
,,,,,184,205,211,159,168,223,226,160,148,151,146,158
,,,,,0,0,0,0,0,0,0,1,0,0,1,0
,,,,,1,0,1,0,0,0,0,1,0,0,0,1
,,,,,0,0,0,1,0,0,0,0,0,0,0,0
,,,,,1,1,1,1,2,2,1,1,1,2,1,1
,,,,,0,1,0,0,0,0,1,0,0,0,0,0
,,,,,0,0,0,0,0,0,0,0,0,0,0,0
,,,,,0,0,0,0,0,1,0,0,0,0,1,1
,,,,,0,0,0,2,0,1,1,0,0,0,0,0
,,,,,1,8,2,3,3,4,1,3,0,0,0,0
,,,,,3,1,6,3,1,0,6,8,2,4,2,4
,,,,,3,0,3,1,1,2,3,5,4,1,2,1
,,,,,7,10,7,4,10,11,3,11,5,8,12,6
,,,,,5,2,3,2,5,4,0,2,0,6,11,3
,,,,,3,2,2,1,3,1,3,2,2,1,4,3
,,,,,1,1,1,1,4,1,1,2,0,2,5,1
,,,,,0,0,0,0,0,0,0,0,1,0,0,0
,,,,,1,2,1,2,3,4,5,0,1,5,1,2
,,,,,4,3,2,2,2,1,2,2,1,2,0,0
,,,,,2,1,3,5,3,6,7,4,2,0,3,2
,,,,,1,0,0,0,1,0,0,0,0,0,0,0
Arson and Criminal Damage,Merton,1107,,,7,0,5,5,8,4,4,7,6,8,5,8
,,,,,0,0,0,0,0,0,0,0,0,1,0,0
Burglary,Merton,1583,,,27,13,25,13,14,22,12,19,13,18,7,24
,,,,,0,0,0,1,3,2,1,3,3,4,5,1
Drug Offences,Merton,694,,,2,3,4,5,3,5,2,2,0,3,0,2
,,,,,13,22,21,7,10,13,12,10,12,12,5,9
Miscellaneous Crimes Against Society,Merton,200,,,20,18,23,21,32,19,24,26,17,18,16,22
,,,,,107,92,104,112,118,157,157,142,125,141,132,95
,,,,,38,36,51,37,38,36,45,32,29,27,31,39
,,,,,0,0,0,0,0,0,0,0,0,0,0,0
,,,,,9,7,6,7,6,10,12,13,7,15,8,17
,,,,,73,90,104,92,96,73,115,106,133,123,150,104
,,,,,41,41,46,45,48,66,61,42,59,57,56,52
,,,,,31,45,47,22,32,41,42,28,34,41,36,37
,,,,,77,52,62,88,98,101,151,95,110,71,87,54
,,,,,428,446,496,543,522,465,491,475,476,553,446,420
,,,,,107,90,140,127,111,119,116,110,122,124,106,86
,,,,,154,175,178,186,161,149,188,244,176,187,211,168
,,,,,1,3,2,0,6,3,1,7,7,1,4,2
,,,,,59,45,46,41,52,53,36,42,32,33,45,52
,,,,,206,154,169,160,176,152,156,185,180,216,175,212
,,,,,53,67,77,70,103,71,96,93,92,75,70,76
Possession of Weapons,Merton,105,,,0,1,2,0,0,1,0,2,0,0,0,0
,,,,,266,269,284,293,324,340,336,316,285,260,287,271
,,,,,422,447,502,428,465,460,484,476,476,535,510,492
,,,,,14,3,6,12,3,10,10,8,7,7,1,11
,,,,,137,164,206,188,181,180,170,143,165,200,167,164
Public Order Offences,Merton,921,,,41,50,44,44,63,48,48,45,35,40,37,27
,,,,,196,194,178,161,186,173,168,190,197,196,148,166
,,,,,9,9,7,4,11,4,65,78,33,11,14,5
,,,,,114,86,125,95,115,94,101,109,84,90,115,86
Robbery,Merton,426,,,0,0,0,0,0,0,1,0,0,0,0,1
,,,,,0,0,0,0,0,0,0,0,0,0,0,1
Sexual Offences,Merton,339,,,0,0,0,0,0,0,1,0,0,1,0,0
,,,,,1,0,0,0,2,0,1,0,3,0,0,0
Theft,Merton,3108,,,1,1,0,0,0,0,0,0,0,0,1,0
,,,,,0,0,1,0,0,0,0,0,0,0,0,1
,,,,,0,0,0,1,0,0,0,0,0,1,1,0
,,,,,1,0,0,1,1,0,1,1,1,0,0,1
Vehicle Offences,Merton,2073,,,1,1,0,2,1,2,1,1,2,3,5,1
,,,,,2,2,2,0,0,0,1,0,4,2,7,1
,,,,,1,1,0,1,1,0,0,0,2,1,1,2
,,,,,5,9,15,11,30,5,7,5,10,8,11,4
Violence Against the Person,Merton,3961,,,0,0,0,0,0,0,0,0,0,0,0,0
,,,,,2,1,4,1,7,1,2,1,2,0,5,1
,,,,,2,4,1,5,1,3,2,1,2,1,1,3
Arson and Criminal Damage,Newham,2199,,,0,0,0,0,0,0,0,0,0,0,0,1
,,,,,1,2,1,1,3,0,1,2,0,1,1,1
Burglary,Newham,2263,,,0,1,0,1,0,2,1,1,0,0,0,3
,,,,,1,1,1,1,1,0,3,6,1,1,3,0
Drug Offences,Newham,3056,,,0,0,0,0,0,0,0,0,0,0,0,0
,,,,,8,6,9,5,9,7,2,8,7,10,8,9
Miscellaneous Crimes Against Society,Newham,455,,,14,14,8,10,16,13,12,13,12,14,12,8
,,,,,0,1,2,0,0,0,1,0,1,1,1,2
,,,,,5,1,0,1,3,3,1,3,4,5,5,2
,,,,,12,6,14,8,13,9,7,14,10,6,16,19
,,,,,17,9,16,8,20,16,8,20,11,14,23,19
,,,,,72,77,115,108,124,118,162,126,115,117,109,98
,,,,,33,22,19,23,29,23,44,28,28,42,36,38
,,,,,0,0,0,0,0,0,0,0,0,0,0,0
,,,,,3,9,5,8,11,15,11,9,21,7,9,8
,,,,,107,67,72,85,101,118,120,87,121,97,80,92
,,,,,28,28,31,23,25,37,36,29,40,30,44,27
,,,,,24,14,19,28,27,25,25,27,26,37,21,21
,,,,,33,29,34,26,38,46,34,44,51,41,21,13
,,,,,221,230,263,258,274,250,277,248,245,243,263,232
,,,,,99,91,108,113,135,101,118,130,121,109,89,96
,,,,,64,53,66,79,68,80,79,79,82,66,68,66
,,,,,2,4,3,4,7,7,1,7,3,5,3,4
,,,,,48,55,83,53,63,70,30,43,48,42,43,50
Possession of Weapons,Newham,357,,,202,187,208,190,230,199,173,226,235,218,247,203
,,,,,85,92,71,94,112,97,86,103,86,104,64,77
,,,,,0,0,0,0,1,1,0,0,0,0,0,1
,,,,,284,235,252,234,278,256,269,256,250,267,263,242
Public Order Offences,Newham,1971,,,393,386,475,440,462,410,523,416,493,474,504,436
,,,,,,,,,,,,,,,,
,,,,,7,6,5,2,5,4,8,4,2,7,5,11
,,,,,,,,,,,,,,,,
Robbery,Newham,1909,,,0,0,0,1,0,0,0,0,0,0,0,0
,,,,,,,,,,,,,,,,
Sexual Offences,Newham,907,,,4,6,8,4,7,6,6,7,8,9,6,6
,,,,,,,,,,,,,,,,
Theft,Newham,9423,,,1,0,0,0,0,0,0,0,0,0,0,0
,,,,,0,0,0,0,0,0,0,0,0,2,0,0
,,,,,0,0,0,1,1,0,0,0,1,1,0,1
,,,,,1,0,0,0,0,0,0,1,1,0,0,0
Vehicle Offences,Newham,4518,,,0,0,0,0,1,1,0,0,0,1,0,3
,,,,,0,0,1,0,1,0,1,0,0,0,0,0
,,,,,0,1,0,1,0,0,1,0,0,0,0,0
,,,,,72,87,91,83,100,119,112,110,105,100,86,115
Violence Against the Person,Newham,9239,,,0,0,0,0,0,0,0,0,0,0,0,0
,,,,,1,0,2,2,1,1,1,0,0,0,0,2
,,,,,1,0,1,0,0,0,0,0,0,0,0,0
Arson and Criminal Damage,Redbridge,1518,,,0,0,0,0,0,0,0,0,0,5,0,1
,,,,,,,,,,,,,,,,
Burglary,Redbridge,2163,,,1,1,1,0,0,2,1,0,0,1,0,0
,,,,,2,1,2,1,0,1,0,0,0,2,2,2
Drug Offences,Redbridge,1292,,,,,,,,,,,,,,
,,,,,1,7,2,3,3,9,10,6,2,8,7,11
Miscellaneous Crimes Against Society,Redbridge,275,,,1,5,2,0,2,2,3,5,6,5,0,2
,,,,,,,,,,,,,,,,
,,,,,,,,,,,,,,,,
,,,,,0,1,1,0,2,0,0,0,0,0,0,0
,,,,,,,,,,,,,,,,
,,,,,84,82,100,89,83,88,114,105,93,87,104,98
,,,,,15,24,19,15,29,25,17,26,25,24,16,18
,,,,,7,2,9,8,4,8,5,2,6,8,4,5
,,,,,,,,,,,,,,,,
,,,,,5,4,11,4,1,12,17,11,12,6,6,8
,,,,,2,2,7,5,3,5,3,6,4,11,7,7
,,,,,,,,,,,,,,,,
,,,,,14,17,15,18,8,17,11,14,17,15,20,15
,,,,,1,4,1,4,0,3,2,4,3,6,3,1
,,,,,91,81,89,118,93,95,96,91,91,82,81,67
,,,,,29,27,27,23,13,10,21,24,17,25,11,19
,,,,,151,110,159,86,79,79,98,90,135,133,131,86
,,,,,2,6,3,5,2,8,3,4,5,1,2,5
,,,,,46,49,44,60,49,45,59,73,58,55,65,45
Possession of Weapons,Redbridge,162,,,0,0,0,0,0,0,0,0,0,1,0,0
,,,,,1,0,0,0,0,0,0,0,0,0,0,0
,,,,,1,0,0,0,0,0,0,0,0,0,0,0
,,,,,0,1,1,0,0,0,1,0,0,1,0,1
,,,,,0,0,0,0,0,0,0,0,0,0,0,0
Public Order Offences,Redbridge,1226,,,0,0,0,0,0,0,0,0,0,0,0,0
,,,,,0,3,2,1,1,0,1,1,1,1,1,1
,,,,,1,0,0,0,0,1,0,1,0,1,2,1
,,,,,0,0,2,2,0,4,0,1,2,0,0,1
Robbery,Redbridge,1004,,,2,9,4,5,6,5,5,0,4,5,5,7
,,,,,4,1,1,6,2,1,2,3,2,0,0,1
Sexual Offences,Redbridge,481,,,2,2,0,1,2,3,0,3,3,2,3,3
,,,,,1,0,1,0,2,1,0,1,1,0,0,0
Theft,Redbridge,4876,,,0,0,1,1,0,0,0,0,1,1,0,0
,,,,,0,0,1,0,0,0,0,0,1,0,0,1
,,,,,3,1,2,2,13,2,7,5,3,1,1,2
,,,,,0,0,0,0,0,0,0,0,1,1,0,0
Vehicle Offences,Redbridge,4872,,,3,4,8,6,7,8,3,4,3,3,3,1
,,,,,0,1,0,1,1,0,1,0,1,0,1,0
,,,,,1,0,0,1,3,0,1,0,2,3,1,1
,,,,,3,2,3,2,2,3,4,5,1,0,4,2
Violence Against the Person,Redbridge,6310,,,7,11,13,10,8,4,10,18,7,7,9,8
,,,,,36,41,65,47,58,46,70,64,55,50,61,46
,,,,,11,16,18,14,19,11,19,16,15,5,14,12
Arson and Criminal Damage,Richmond upon Thames,1006,,,0,0,0,0,0,0,0,0,0,0,0,0
,,,,,8,0,2,5,2,4,4,4,5,6,5,9
Burglary,Richmond upon Thames,1524,,,24,25,23,30,34,22,39,31,27,47,47,23
,,,,,20,17,23,15,19,20,32,9,19,10,21,14
Drug Offences,Richmond upon Thames,347,,,7,7,17,8,8,9,9,12,3,18,14,8
,,,,,15,19,13,22,31,39,50,29,39,26,16,19
Miscellaneous Crimes Against Society,Richmond upon Thames,115,,,149,119,126,161,172,156,171,150,131,137,139,104
,,,,,71,48,66,67,63,60,74,71,66,71,61,56
,,,,,11,26,31,32,21,20,29,20,22,33,32,24
,,,,,1,1,4,1,1,1,0,0,0,1,3,4
,,,,,29,23,18,18,7,25,20,22,29,21,26,31
,,,,,134,100,103,93,69,80,101,113,101,137,103,130
,,,,,46,21,52,55,32,35,46,48,45,45,43,55
,,,,,0,0,0,0,0,0,0,0,0,0,0,0
,,,,,104,100,112,110,107,118,153,125,111,94,123,104
,,,,,205,178,213,198,193,245,218,235,216,210,259,230
,,,,,6,11,16,8,10,11,10,13,4,16,9,3
,,,,,142,146,170,174,187,165,194,176,160,201,193,174
,,,,,58,62,65,54,50,56,50,53,36,51,58,38
,,,,,174,155,140,111,122,115,130,137,133,156,109,150
Possession of Weapons,Richmond upon Thames,60,,,13,19,11,8,15,29,12,9,10,53,7,7
,,,,,158,178,210,203,212,313,355,282,329,282,168,173
,,,,,0,0,0,0,0,0,0,0,0,0,0,0
,,,,,1,0,0,0,0,0,0,0,0,0,0,0
Public Order Offences,Richmond upon Thames,850,,,2,3,0,1,0,3,0,0,2,3,1,2
,,,,,0,0,0,0,1,0,0,0,0,1,0,0
,,,,,0,0,0,0,0,0,0,0,2,0,0,0
Robbery,Richmond upon Thames,431,,,0,0,0,0,0,0,0,1,0,0,0,0
,,,,,1,1,0,0,0,1,0,0,0,1,0,0
Sexual Offences,Richmond upon Thames,276,,,2,3,5,2,2,1,2,2,3,2,2,4
,,,,,3,4,3,5,5,1,7,3,5,1,2,6
Theft,Richmond upon Thames,2997,,,0,0,2,1,2,1,3,2,4,4,3,2
,,,,,6,11,12,13,8,21,3,8,24,14,9,17
,,,,,4,5,2,3,2,2,3,6,3,5,0,1
,,,,,2,2,5,1,2,0,2,1,2,0,2,2
Vehicle Offences,Richmond upon Thames,2367,,,0,1,0,0,0,0,0,0,0,0,0,0
,,,,,5,0,3,2,6,4,4,3,2,1,2,1
,,,,,1,2,0,1,1,1,0,0,2,2,0,0
,,,,,0,0,1,1,1,3,2,1,1,1,3,0
Violence Against the Person,Richmond upon Thames,2962,,,6,4,5,5,3,4,4,9,7,9,6,6
,,,,,12,16,21,8,12,11,13,13,16,13,5,14
,,,,,2,2,2,1,1,2,1,2,0,0,1,2
Arson and Criminal Damage,Southwark,2139,,,3,2,5,3,4,2,5,0,2,3,0,2
,,,,,21,16,20,11,16,14,13,9,6,8,14,8
Burglary,Southwark,3274,,,28,28,21,28,35,34,54,36,33,31,31,20
,,,,,81,75,106,70,81,102,146,112,100,113,116,104
Drug Offences,Southwark,2666,,,33,24,39,36,29,38,35,24,33,34,27,28
,,,,,0,0,0,0,0,1,0,2,1,2,0,0
Miscellaneous Crimes Against Society,Southwark,399,,,7,7,6,8,11,8,18,18,11,13,12,21
,,,,,130,136,141,173,151,136,120,153,106,141,212,170
,,,,,46,44,42,36,52,58,48,33,44,39,37,36
,,,,,28,47,33,35,41,29,37,20,22,33,36,31
,,,,,37,20,33,39,48,57,74,72,44,43,43,18
,,,,,336,369,378,379,406,377,398,334,307,396,441,392
,,,,,167,181,169,168,196,172,206,226,202,218,187,174
,,,,,155,208,173,213,178,175,146,128,113,224,204,199
,,,,,2,1,3,4,5,4,2,4,2,5,5,3
,,,,,74,49,57,62,49,41,49,28,25,46,46,35
,,,,,279,182,238,229,208,209,280,210,212,210,208,247
,,,,,97,121,109,131,108,122,95,103,90,93,79,57
,,,,,0,0,0,3,2,2,0,1,1,1,0,1
,,,,,239,263,275,253,296,295,293,252,247,279,262,212
,,,,,470,491,515,431,542,537,523,496,483,573,522,479
,,,,,4,5,3,9,7,7,4,6,5,5,4,6
,,,,,108,132,98,119,135,134,131,128,143,119,102,104
,,,,,36,37,38,43,29,35,34,27,43,38,26,32
,,,,,221,184,133,113,124,75,96,109,136,173,184,197
,,,,,2,5,7,7,10,7,10,6,6,30,6,4
Possession of Weapons,Southwark,376,,,62,58,93,91,105,102,122,109,117,118,122,93
,,,,,0,0,0,0,0,0,0,0,0,1,0,0
,,,,,0,0,0,0,0,0,0,0,0,0,0,1
,,,,,0,0,0,0,1,0,0,0,0,0,0,0
,,,,,3,2,0,1,1,0,2,0,0,1,3,1
Public Order Offences,Southwark,2096,,,0,0,0,1,0,0,0,0,0,0,0,0
,,,,,0,0,0,0,0,0,1,0,0,0,0,0
,,,,,0,0,4,1,0,0,0,0,0,0,0,0
,,,,,0,0,2,2,0,1,1,1,1,0,1,0
Robbery,Southwark,2466,,,0,2,1,1,1,1,1,0,1,2,1,1
,,,,,1,1,2,2,3,2,2,0,0,1,1,0
Sexual Offences,Southwark,782,,,1,0,0,0,1,0,0,2,1,1,0,1
,,,,,7,3,15,3,12,13,8,8,3,5,6,8
Theft,Southwark,12872,,,0,0,0,0,0,0,0,0,0,0,0,1
,,,,,2,1,3,0,0,2,1,0,0,0,0,1
,,,,,1,1,1,0,1,2,0,2,0,0,0,1
,,,,,2,3,2,2,1,1,1,0,0,3,0,0
Vehicle Offences,Southwark,4025,,,2,0,0,0,0,0,1,1,0,0,1,2
,,,,,0,0,0,2,0,1,0,0,0,0,0,0
,,,,,4,5,4,3,2,7,12,12,7,6,6,4
,,,,,0,1,0,0,0,0,0,0,0,0,1,0
Violence Against the Person,Southwark,8966,,,8,5,4,7,8,9,5,1,11,8,6,7
,,,,,1,2,0,1,1,1,1,0,0,1,0,2
,,,,,1,1,3,2,0,0,0,2,1,3,1,1
Arson and Criminal Damage,Sutton,1152,,,2,5,8,4,6,4,5,3,6,5,6,2
,,,,,14,8,14,12,11,16,14,7,8,21,7,5
Burglary,Sutton,1361,,,65,58,58,66,81,70,67,50,86,67,80,65
,,,,,17,27,26,30,21,28,25,27,12,22,19,21
Drug Offences,Sutton,585,,,0,0,0,0,0,0,0,1,0,0,0,0
,,,,,4,8,3,4,3,6,7,6,6,17,5,5
Miscellaneous Crimes Against Society,Sutton,170,,,87,94,69,96,69,58,68,66,62,89,83,89
,,,,,32,24,23,17,34,22,37,34,30,19,18,14
,,,,,23,12,17,6,12,18,10,20,11,19,17,12
,,,,,9,9,19,14,37,42,38,22,16,12,11,8
,,,,,213,196,215,209,204,214,235,194,163,208,220,203
,,,,,97,92,97,93,90,97,107,101,157,122,123,93
,,,,,45,79,75,115,73,56,63,38,51,100,101,100
,,,,,2,3,2,3,1,6,3,4,2,3,3,4
,,,,,55,34,64,57,38,37,40,41,49,63,63,51
,,,,,206,193,280,248,216,209,222,259,271,260,225,241
,,,,,129,114,129,122,137,125,112,90,95,126,124,111
,,,,,0,1,0,1,0,1,0,1,0,0,3,0
,,,,,169,160,178,183,226,202,195,166,170,176,146,141
,,,,,352,355,303,304,357,370,384,362,342,382,359,321
,,,,,4,3,3,1,3,2,5,3,4,0,2,4
Possession of Weapons,Sutton,102,,,62,73,75,94,87,86,78,77,74,95,98,73
,,,,,31,42,25,28,35,19,17,22,24,26,39,24
,,,,,116,111,98,85,98,85,50,88,82,107,120,152
,,,,,0,4,4,0,15,0,1,5,0,2,2,0
,,,,,14,19,29,23,13,34,24,44,24,33,28,29
Public Order Offences,Sutton,940,,,0,0,0,0,0,0,0,0,0,1,0,0
,,,,,0,0,0,0,0,0,0,0,0,0,1,0
,,,,,0,1,0,0,0,0,0,0,0,0,0,0
Robbery,Sutton,289,,,0,0,0,0,0,0,0,0,0,0,0,0
,,,,,0,0,0,0,0,0,2,1,1,1,0,1
Sexual Offences,Sutton,282,,,0,0,0,1,0,2,1,0,0,1,0,0
,,,,,0,1,1,1,0,0,1,0,1,1,0,1
Theft,Sutton,2661,,,0,1,4,0,3,3,3,0,4,3,2,2
,,,,,0,2,4,0,4,0,2,0,1,1,1,0
,,,,,1,3,1,0,1,2,4,0,0,0,1,1
,,,,,0,1,0,0,1,2,0,0,1,0,0,0
Vehicle Offences,Sutton,2175,,,1,0,0,0,0,0,0,0,0,1,0,0
,,,,,0,0,1,0,0,0,1,0,0,1,0,0
,,,,,3,2,2,1,1,4,2,6,6,1,2,0
,,,,,1,4,2,2,2,1,3,1,2,5,2,4
Violence Against the Person,Sutton,4236,,,0,1,1,0,0,0,0,0,0,0,0,1
,,,,,1,3,0,0,0,1,0,0,0,0,1,1
,,,,,2,1,2,1,4,3,3,0,1,3,0,1
Arson and Criminal Damage,Tower Hamlets,2093,,,5,4,9,9,10,8,11,8,4,10,11,6
,,,,,49,43,61,48,47,50,59,56,59,52,41,39
Burglary,Tower Hamlets,3213,,,15,12,12,9,9,16,13,17,11,6,14,17
,,,,,1,1,1,2,2,3,4,3,3,3,2,2
Drug Offences,Tower Hamlets,2491,,,29,26,43,63,34,36,40,23,34,24,28,24
,,,,,16,19,12,16,10,22,9,16,15,15,14,16
Miscellaneous Crimes Against Society,Tower Hamlets,403,,,8,15,7,2,7,5,8,7,8,9,8,12
,,,,,58,36,73,61,62,74,73,51,54,49,56,33
,,,,,109,103,104,126,148,112,139,126,118,128,130,126
,,,,,54,38,59,33,42,47,57,74,50,53,51,36
,,,,,23,18,18,29,23,27,19,14,18,29,23,13
,,,,,1,1,0,1,0,1,2,2,2,1,1,2
,,,,,38,19,26,30,22,21,21,40,22,32,33,31
,,,,,118,141,162,132,94,87,104,92,117,154,178,139
,,,,,58,49,31,45,51,29,39,27,50,35,44,42
,,,,,0,0,1,0,0,0,2,0,0,0,0,0
,,,,,76,37,91,79,91,86,70,62,76,62,76,98
,,,,,146,141,163,173,166,207,216,156,167,165,191,164
,,,,,2,2,8,6,5,1,6,8,6,10,3,0
,,,,,193,132,212,179,198,164,188,176,144,156,162,178
,,,,,102,69,101,74,74,70,87,71,98,78,80,62
,,,,,176,181,184,166,211,229,224,192,164,175,196,210
,,,,,30,23,4,10,11,7,9,10,6,8,10,11
,,,,,171,202,247,191,207,189,265,238,169,233,232,183
,,,,,0,0,0,0,0,0,1,0,0,0,0,0
Possession of Weapons,Tower Hamlets,306,,,0,0,0,1,1,0,0,1,0,0,0,0
,,,,,0,0,0,0,0,0,0,0,0,0,0,0
,,,,,0,0,0,1,0,0,1,0,3,1,1,0
,,,,,0,1,0,1,0,0,0,0,0,1,1,0
,,,,,0,0,0,0,0,0,0,0,0,0,0,0
Public Order Offences,Tower Hamlets,2266,,,0,0,0,0,0,2,0,0,0,0,0,0
,,,,,1,0,2,0,0,1,0,0,0,0,0,0
,,,,,0,1,0,0,4,3,3,1,2,3,1,3
,,,,,3,5,5,3,3,5,7,4,2,4,1,4
Robbery,Tower Hamlets,1464,,,5,0,3,1,4,1,2,0,3,1,2,0
,,,,,7,16,14,10,9,9,8,2,8,7,9,11
Sexual Offences,Tower Hamlets,795,,,0,0,0,0,0,0,0,0,0,0,2,0
,,,,,3,2,5,2,1,5,3,3,4,1,3,0
Theft,Tower Hamlets,9449,,,0,1,3,0,0,2,1,1,5,2,1,2
,,,,,0,0,0,0,0,0,0,0,0,0,0,0
,,,,,3,6,0,0,2,0,3,4,4,1,1,2
,,,,,0,0,1,1,0,0,2,1,0,1,3,1
Vehicle Offences,Tower Hamlets,4251,,,6,3,1,2,1,1,1,0,1,1,2,1
,,,,,5,5,8,7,5,4,6,7,10,4,4,6
,,,,,0,0,0,0,0,0,0,0,0,0,0,0
,,,,,13,18,19,10,20,11,22,11,16,14,6,15
Violence Against the Person,Tower Hamlets,8658,,,0,1,0,2,4,1,3,1,1,0,0,0
,,,,,1,3,5,3,1,3,6,1,1,0,2,1
,,,,,16,11,18,9,10,15,23,16,8,13,10,12
Arson and Criminal Damage,Waltham Forest,1688,,,22,16,15,12,12,19,17,28,18,8,20,21
,,,,,74,97,110,115,131,131,141,144,132,145,129,122
Burglary,Waltham Forest,1962,,,27,30,32,24,32,50,43,35,25,43,27,45
,,,,,0,1,0,0,0,1,0,1,0,0,1,0
Drug Offences,Waltham Forest,1784,,,9,6,6,24,8,7,6,11,5,6,16,17
,,,,,171,170,177,197,197,172,208,167,234,253,235,164
Miscellaneous Crimes Against Society,Waltham Forest,294,,,43,35,47,31,25,52,38,36,38,52,40,26
,,,,,35,27,19,30,26,31,23,27,30,30,20,21
,,,,,88,71,93,119,151,125,139,137,121,111,80,76
,,,,,449,501,576,535,553,497,588,523,527,639,533,530
,,,,,113,109,115,119,116,140,119,131,101,95,93,97
,,,,,207,256,306,294,296,259,291,311,408,492,381,261
,,,,,5,0,5,2,3,4,3,4,5,6,4,1
,,,,,55,62,61,57,42,56,27,26,49,53,39,54
,,,,,206,180,228,158,181,171,105,182,238,198,201,225
,,,,,75,73,107,122,112,95,108,91,97,86,87,76
,,,,,1,1,0,1,1,1,0,0,0,2,0,0
,,,,,277,270,297,279,278,312,324,299,252,253,282,220
,,,,,470,425,480,460,504,494,483,455,460,452,436,497
,,,,,5,4,1,6,1,4,6,3,3,4,4,2
,,,,,98,90,87,83,129,98,94,81,76,85,103,85
,,,,,22,25,12,18,20,20,19,16,18,17,14,15
,,,,,113,101,106,94,70,88,71,82,83,136,122,79
,,,,,3,4,2,2,6,2,4,1,1,1,2,4
Possession of Weapons,Waltham Forest,248,,,49,37,45,50,49,55,56,41,47,37,45,42
,,,,,0,0,0,0,0,0,0,0,0,0,0,0
,,,,,0,0,0,0,0,0,0,0,0,0,0,0
,,,,,0,0,0,0,0,0,0,0,0,0,1,0
,,,,,0,0,0,0,0,0,0,0,0,0,0,2
Public Order Offences,Waltham Forest,1253,,,0,0,0,0,0,0,0,0,0,0,0,0
,,,,,1,0,0,3,2,0,1,0,0,0,1,0
,,,,,3,2,0,2,1,0,2,0,0,0,1,0
,,,,,1,2,0,0,1,0,0,1,2,1,0,0
Robbery,Waltham Forest,838,,,3,4,5,6,3,2,2,3,1,2,8,2
,,,,,0,0,3,3,6,2,2,0,1,0,0,0
Sexual Offences,Waltham Forest,493,,,0,2,4,6,0,1,3,0,3,3,3,1
,,,,,0,1,0,0,0,1,0,1,1,3,0,1
Theft,Waltham Forest,5185,,,1,0,0,0,0,0,0,0,0,0,0,0
,,,,,0,1,0,1,0,1,0,0,0,0,0,0
,,,,,4,2,3,2,2,3,3,6,4,7,1,7
,,,,,0,0,0,0,0,0,0,0,0,1,1,1
Vehicle Offences,Waltham Forest,4345,,,3,7,12,4,5,4,6,2,3,7,2,3
,,,,,0,0,0,0,0,0,1,0,0,1,1,0
,,,,,0,0,1,0,1,0,3,0,1,0,0,0
,,,,,2,3,3,3,4,2,4,0,4,2,3,2
Violence Against the Person,Waltham Forest,6137,,,6,9,9,6,7,9,9,12,12,14,7,5
,,,,,23,65,57,68,64,47,65,53,60,66,48,43
,,,,,19,6,10,12,18,33,17,17,10,10,11,13
Arson and Criminal Damage,Wandsworth,1640,,,2,4,1,2,0,5,2,3,5,7,8,4
,,,,,11,26,22,14,32,19,21,22,24,24,18,13
Burglary,Wandsworth,2723,,,24,23,10,17,24,20,13,13,15,8,15,14
,,,,,7,16,6,6,4,5,7,10,2,9,9,5
Drug Offences,Wandsworth,957,,,13,12,2,16,13,12,19,25,10,14,13,10
,,,,,113,96,109,108,130,102,116,116,106,101,112,97
Miscellaneous Crimes Against Society,Wandsworth,287,,,62,70,78,67,105,94,89,93,89,76,82,52
,,,,,19,17,17,20,22,17,17,26,20,20,14,30
,,,,,5,1,3,1,1,2,1,1,0,1,2,4
,,,,,32,40,26,30,29,13,15,26,19,26,21,34
,,,,,94,90,111,111,101,70,97,165,135,114,155,155
,,,,,37,52,40,23,33,34,24,48,29,45,35,44
,,,,,0,0,0,0,0,0,0,0,0,0,0,0
,,,,,115,114,117,136,110,127,114,126,110,111,108,116
,,,,,231,212,233,247,255,225,242,234,223,245,239,246
,,,,,17,6,10,8,5,6,8,16,7,7,9,3
,,,,,145,162,190,166,159,170,173,157,137,178,185,169
,,,,,77,63,72,90,85,80,92,83,83,74,74,119
,,,,,153,130,202,160,180,188,202,173,199,221,169,244
,,,,,15,25,7,10,16,14,8,13,5,10,13,5
,,,,,205,175,274,211,169,160,193,195,173,179,255,161
,,,,,0,0,0,0,0,0,4,0,1,2,1,1
,,,,,0,0,0,0,2,6,2,8,6,9,7,7
,,,,,0,0,0,0,0,0,0,0,0,0,0,0
Possession of Weapons,Wandsworth,176,,,2,1,3,3,2,3,2,2,2,1,3,3
,,,,,0,0,0,0,0,0,0,0,0,0,0,0
,,,,,1,0,0,0,0,1,0,0,0,0,3,0
,,,,,0,0,0,0,0,0,0,0,0,1,0,0
,,,,,0,1,0,0,0,0,0,0,0,0,0,0
Public Order Offences,Wandsworth,1663,,,1,2,3,2,0,0,2,4,4,3,4,2
,,,,,3,0,6,0,2,1,5,1,1,1,7,0
,,,,,0,1,0,2,2,0,3,0,2,0,1,2
,,,,,9,5,14,7,7,9,6,3,0,6,8,4
Robbery,Wandsworth,889,,,2,2,5,2,2,0,3,0,3,2,0,2
,,,,,0,0,2,1,3,0,3,0,1,2,0,1
Sexual Offences,Wandsworth,707,,,5,0,2,1,3,1,2,1,2,2,1,2
,,,,,0,0,1,0,0,2,0,0,2,1,1,0
Theft,Wandsworth,6454,,,0,0,2,3,1,3,4,0,1,0,5,0
,,,,,2,0,0,0,0,2,2,4,2,0,2,0
,,,,,7,3,5,2,8,5,12,2,5,4,9,8
,,,,,0,0,0,0,0,0,0,0,0,0,0,0
Vehicle Offences,Wandsworth,4214,,,16,12,15,13,16,12,17,9,9,9,10,6
,,,,,0,0,1,2,0,0,1,0,1,3,1,0
,,,,,2,2,4,0,0,0,1,2,0,0,2,0
,,,,,13,12,21,12,15,7,5,11,10,8,16,10
Violence Against the Person,Wandsworth,6652,,,24,32,45,31,26,39,36,33,27,40,32,25
,,,,,94,104,123,107,129,145,150,127,127,136,110,114
,,,,,35,25,38,30,29,36,38,43,26,37,36,34
Arson and Criminal Damage,Westminster,2399,,,0,0,1,0,1,0,0,1,0,0,0,0
,,,,,6,7,10,5,7,10,6,14,8,8,10,7
Burglary,Westminster,4646,,,96,100,109,121,112,114,91,93,105,129,150,146
,,,,,37,35,45,29,31,58,46,43,37,25,34,27
Drug Offences,Westminster,3406,,,26,33,16,23,31,32,32,24,28,34,35,34
,,,,,84,102,117,144,164,184,157,131,144,125,119,85
Miscellaneous Crimes Against Society,Westminster,403,,,391,422,528,474,449,437,431,376,364,417,370,364
,,,,,82,69,75,84,99,79,94,83,71,94,78,107
,,,,,147,163,251,149,140,194,119,130,110,153,153,146
,,,,,1,1,4,4,3,1,2,2,2,4,3,5
,,,,,45,41,48,39,40,53,35,59,66,57,93,64
,,,,,188,153,174,173,176,203,206,234,245,273,258,246
,,,,,101,95,80,74,109,101,88,73,65,101,105,58
,,,,,2,1,0,1,1,1,0,0,0,0,2,0
,,,,,220,198,282,237,280,289,280,262,235,250,216,217
,,,,,431,462,517,443,521,480,533,448,460,457,474,458
,,,,,6,4,6,5,5,4,5,10,3,3,4,10
,,,,,124,127,151,139,147,128,155,125,148,127,135,117
,,,,,36,25,48,31,38,38,43,41,39,43,51,43
,,,,,177,116,120,115,105,85,95,89,129,177,146,132
,,,,,6,6,6,6,7,15,7,14,4,8,10,8
,,,,,111,84,163,138,169,210,172,147,137,141,119,96
,,,,,0,0,0,0,0,0,1,0,0,0,0,0
,,,,,0,0,0,0,0,0,0,0,1,0,0,0
Possession of Weapons,Westminster,480,,,0,2,1,0,3,0,0,1,0,2,0,0
,,,,,0,0,0,0,0,0,0,0,0,1,1,0
,,,,,0,0,0,0,0,0,0,0,0,0,0,0
,,,,,0,0,0,1,0,0,1,0,0,0,0,0
,,,,,1,1,1,3,0,0,3,0,0,1,0,0
Public Order Offences,Westminster,3483,,,0,0,0,0,2,0,1,3,1,0,1,1
,,,,,1,3,1,3,1,2,4,0,1,4,2,1
,,,,,0,2,1,2,1,0,1,0,1,0,2,0
,,,,,3,3,6,17,12,12,2,3,9,4,8,2
Robbery,Westminster,4469,,,0,0,0,0,0,0,0,0,0,0,0,0
,,,,,1,0,1,1,1,1,0,2,1,2,2,1
Sexual Offences,Westminster,1155,,,0,0,1,1,0,0,3,1,1,0,0,0
,,,,,3,2,6,0,4,7,2,1,1,1,1,2
Theft,Westminster,46546,,,2,1,3,1,2,0,3,2,0,2,1,1
,,,,,0,1,0,0,2,2,2,0,2,0,1,0
,,,,,8,7,8,6,5,5,3,10,4,4,4,4
,,,,,0,0,0,0,0,0,0,0,0,0,0,0
Vehicle Offences,Westminster,4895,,,10,18,14,5,12,9,4,8,3,8,8,6
,,,,,2,0,3,1,4,3,0,0,0,2,1,2
,,,,,1,1,1,3,1,1,3,1,0,1,3,1
,,,,,14,8,16,12,17,4,1,9,5,8,11,3
Violence Against the Person,Westminster,11122,,,7,4,9,9,16,13,7,18,9,18,5,8
,,,,,69,62,66,66,72,87,92,76,61,100,77,64
,,,,,12,20,13,26,13,16,29,26,23,14,26,18
,,,,,0,0,0,1,0,0,0,0,0,0,1,0
,,,,,9,4,5,5,2,5,4,8,3,9,8,6
,,,,,61,60,67,55,78,66,61,51,77,73,63,58
,,,,,27,27,17,31,29,28,21,23,31,28,24,21
,,,,,12,16,11,12,15,21,21,23,17,10,19,9
,,,,,35,33,38,39,53,60,82,74,71,40,42,36
,,,,,238,258,257,255,277,280,238,225,228,216,240,241
,,,,,60,67,51,64,61,63,69,77,79,105,70,84
,,,,,73,71,97,67,64,72,56,39,41,68,76,55
,,,,,3,2,1,5,2,4,4,4,2,5,3,2
,,,,,62,44,47,51,46,48,52,30,60,60,66,37
,,,,,269,207,180,176,219,176,221,229,277,265,260,223
,,,,,93,81,85,79,64,74,87,71,103,107,94,65
,,,,,1,1,1,1,1,0,1,0,0,0,0,1
,,,,,187,152,182,174,202,178,173,184,141,146,182,172
,,,,,353,345,355,294,353,376,328,312,342,297,329,373
,,,,,3,4,1,7,3,5,3,1,6,2,5,6
,,,,,130,137,156,113,149,143,136,131,131,129,126,113
,,,,,88,46,46,49,39,57,61,47,39,54,59,41
,,,,,161,163,206,157,164,200,167,184,186,184,171,154
,,,,,4,4,6,9,6,11,7,4,6,13,7,6
,,,,,67,61,81,70,67,67,109,76,54,70,79,73
,,,,,0,2,0,0,0,0,1,1,0,0,0,0
,,,,,1,0,0,0,1,0,0,1,0,0,0,0
,,,,,0,0,1,0,1,0,1,1,1,2,1,0
,,,,,0,0,0,0,0,0,0,0,0,0,0,0
,,,,,0,0,1,0,0,0,0,1,0,0,1,0
,,,,,0,0,0,0,0,0,0,1,0,0,0,0
,,,,,0,0,0,1,0,0,0,0,0,1,0,0
,,,,,3,0,1,0,3,1,2,2,3,3,1,1
,,,,,2,1,1,0,0,0,3,1,1,0,2,2
,,,,,2,0,5,1,2,2,0,1,0,1,2,4
,,,,,1,5,10,4,5,8,1,3,4,8,6,1
,,,,,1,3,0,3,3,1,0,2,2,2,3,4
,,,,,6,2,5,4,2,1,5,2,3,0,1,0
,,,,,2,1,0,3,2,2,0,0,1,3,2,5
,,,,,6,0,3,1,1,1,1,1,1,1,2,2
,,,,,0,1,3,1,0,0,0,0,1,0,1,1
,,,,,1,1,0,0,0,1,0,0,0,0,1,1
,,,,,8,2,4,4,1,9,3,4,7,2,3,1
,,,,,0,1,0,0,1,0,0,0,0,0,0,1
,,,,,9,7,12,4,8,6,6,4,9,6,8,6
,,,,,0,0,0,0,0,0,2,0,2,0,1,0
,,,,,0,2,3,1,4,1,2,3,0,1,4,1
,,,,,4,7,5,5,3,5,7,5,6,4,4,6
,,,,,8,13,22,23,14,15,11,22,17,15,13,8
,,,,,63,68,102,94,102,91,109,109,112,130,115,91
,,,,,16,28,25,28,26,24,29,24,17,27,26,26
,,,,,0,0,0,0,0,0,0,0,0,0,0,0
,,,,,7,10,7,5,8,11,5,9,11,10,3,5
,,,,,52,77,44,52,49,55,47,58,115,102,73,74
,,,,,36,35,41,36,29,47,38,38,41,46,32,38
,,,,,22,16,21,19,29,20,21,19,17,15,16,35
,,,,,76,60,78,95,102,93,82,96,93,100,77,56
,,,,,311,260,248,295,295,260,311,258,259,298,317,286
,,,,,109,95,100,97,146,153,132,108,127,97,97,81
,,,,,47,75,58,60,50,61,66,50,48,63,63,65
,,,,,2,0,3,4,2,2,4,2,4,3,3,3
,,,,,39,42,35,40,23,37,44,58,50,53,35,33
,,,,,178,222,193,203,168,156,207,172,242,342,264,234
,,,,,95,77,102,85,82,83,89,103,89,94,108,105
,,,,,0,1,1,0,1,2,1,1,0,0,0,1
,,,,,192,190,193,168,212,219,233,186,161,225,191,185
,,,,,387,352,355,351,363,380,357,342,357,359,351,335
,,,,,1,3,4,4,11,4,2,5,8,1,8,0
,,,,,194,186,193,200,194,194,207,186,187,266,162,179
,,,,,219,192,166,165,234,204,222,230,232,278,260,195
,,,,,142,122,174,189,140,132,195,202,214,178,199,162
,,,,,7,4,14,11,8,7,10,8,10,10,10,14
,,,,,162,148,288,209,194,257,257,508,316,300,332,322
,,,,,0,0,0,0,0,0,2,0,1,0,0,0
,,,,,0,0,0,0,0,0,0,0,0,0,0,0
,,,,,2,0,0,0,0,1,0,1,2,0,0,1
,,,,,1,0,0,0,1,0,0,0,0,0,1,0
,,,,,0,0,1,0,0,0,0,0,0,2,0,0
,,,,,0,0,0,0,0,0,2,0,0,0,0,1
,,,,,0,0,0,0,0,0,0,0,0,1,1,1
,,,,,2,3,0,4,1,1,1,5,2,6,3,2
,,,,,6,0,3,4,2,5,6,6,4,5,7,7
,,,,,4,5,3,4,5,7,4,2,10,6,4,5
,,,,,2,3,3,2,3,2,7,1,3,4,4,1
,,,,,0,0,0,0,0,0,0,0,0,0,0,0
,,,,,16,7,6,2,4,7,6,7,5,7,5,4
,,,,,1,2,4,1,1,1,0,3,1,0,0,0
,,,,,1,1,3,1,1,3,1,2,2,2,4,0
,,,,,3,1,1,1,0,1,3,2,1,2,1,2
,,,,,1,1,1,3,2,2,4,3,2,3,2,0
,,,,,3,2,2,3,3,1,3,2,4,24,1,1
,,,,,0,0,0,0,0,1,0,0,0,1,0,0
,,,,,12,18,19,12,21,10,20,29,17,19,20,13
,,,,,1,2,2,1,0,1,1,1,1,1,3,0
,,,,,4,3,6,2,5,7,9,8,9,4,10,14
,,,,,10,11,25,14,13,11,13,17,15,11,12,21
,,,,,17,35,42,40,28,32,23,36,43,32,22,30
,,,,,163,170,177,171,186,211,205,232,198,202,166,184
,,,,,72,63,64,71,57,71,96,74,77,68,58,63
,,,,,0,0,0,1,0,1,2,0,0,0,0,0
,,,,,15,16,16,18,33,10,14,27,19,13,16,20
,,,,,318,325,321,393,351,392,395,346,309,359,314,429
,,,,,54,59,72,74,62,66,74,72,68,52,69,58
,,,,,23,19,33,29,30,46,24,33,27,35,31,45
,,,,,92,101,108,157,163,144,170,182,167,131,92,77
,,,,,1845,1853,1962,2165,2102,2046,1986,1871,1903,1986,1981,2265
,,,,,391,383,401,407,405,353,401,410,346,403,366,359
,,,,,1169,1554,1773,1659,1282,1345,1289,1155,927,1367,1321,1531
,,,,,2,1,0,3,3,4,1,0,4,1,1,3
,,,,,62,67,37,44,55,39,39,30,33,40,36,37
,,,,,356,287,334,266,284,304,266,250,270,352,300,382
,,,,,65,48,54,71,51,57,71,63,55,56,58,53
,,,,,1,0,2,0,0,0,0,0,1,0,0,0
,,,,,326,288,317,312,336,330,361,408,313,328,364,363
,,,,,515,526,589,510,579,614,599,666,576,661,606,631
